id,family,module
CUE2560-0001,house,c0001_house_001
CUE2560-0002,house,c0002_house_002
CUE2560-0003,house,c0003_house_003
CUE2560-0004,house,c0004_house_004
CUE2560-0005,house,c0005_house_005
CUE2560-0006,house,c0006_house_006
CUE2560-0007,house,c0007_house_007
CUE2560-0008,house,c0008_house_008
CUE2560-0009,house,c0009_house_009
CUE2560-0010,house,c0010_house_010
CUE2560-0011,house,c0011_house_011
CUE2560-0012,house,c0012_house_012
CUE2560-0013,house,c0013_house_013
CUE2560-0014,house,c0014_house_014
CUE2560-0015,house,c0015_house_015
CUE2560-0016,house,c0016_house_016
CUE2560-0017,house,c0017_house_017
CUE2560-0018,house,c0018_house_018
CUE2560-0019,house,c0019_house_019
CUE2560-0020,house,c0020_house_020
CUE2560-0021,house,c0021_house_021
CUE2560-0022,house,c0022_house_022
CUE2560-0023,house,c0023_house_023
CUE2560-0024,house,c0024_house_024
CUE2560-0025,house,c0025_house_025
CUE2560-0026,house,c0026_house_026
CUE2560-0027,house,c0027_house_027
CUE2560-0028,house,c0028_house_028
CUE2560-0029,house,c0029_house_029
CUE2560-0030,house,c0030_house_030
CUE2560-0031,house,c0031_house_031
CUE2560-0032,house,c0032_house_032
CUE2560-0033,house,c0033_house_033
CUE2560-0034,house,c0034_house_034
CUE2560-0035,house,c0035_house_035
CUE2560-0036,house,c0036_house_036
CUE2560-0037,house,c0037_house_037
CUE2560-0038,house,c0038_house_038
CUE2560-0039,house,c0039_house_039
CUE2560-0040,house,c0040_house_040
CUE2560-0041,house,c0041_house_041
CUE2560-0042,house,c0042_house_042
CUE2560-0043,house,c0043_house_043
CUE2560-0044,house,c0044_house_044
CUE2560-0045,house,c0045_house_045
CUE2560-0046,house,c0046_house_046
CUE2560-0047,house,c0047_house_047
CUE2560-0048,house,c0048_house_048
CUE2560-0049,house,c0049_house_049
CUE2560-0050,house,c0050_house_050
CUE2560-0051,house,c0051_house_051
CUE2560-0052,house,c0052_house_052
CUE2560-0053,house,c0053_house_053
CUE2560-0054,house,c0054_house_054
CUE2560-0055,house,c0055_house_055
CUE2560-0056,house,c0056_house_056
CUE2560-0057,house,c0057_house_057
CUE2560-0058,house,c0058_house_058
CUE2560-0059,house,c0059_house_059
CUE2560-0060,house,c0060_house_060
CUE2560-0061,house,c0061_house_061
CUE2560-0062,house,c0062_house_062
CUE2560-0063,house,c0063_house_063
CUE2560-0064,house,c0064_house_064
CUE2560-0065,house,c0065_house_065
CUE2560-0066,house,c0066_house_066
CUE2560-0067,house,c0067_house_067
CUE2560-0068,house,c0068_house_068
CUE2560-0069,house,c0069_house_069
CUE2560-0070,house,c0070_house_070
CUE2560-0071,house,c0071_house_071
CUE2560-0072,house,c0072_house_072
CUE2560-0073,house,c0073_house_073
CUE2560-0074,house,c0074_house_074
CUE2560-0075,house,c0075_house_075
CUE2560-0076,house,c0076_house_076
CUE2560-0077,house,c0077_house_077
CUE2560-0078,house,c0078_house_078
CUE2560-0079,house,c0079_house_079
CUE2560-0080,house,c0080_house_080
CUE2560-0081,house,c0081_house_081
CUE2560-0082,house,c0082_house_082
CUE2560-0083,house,c0083_house_083
CUE2560-0084,house,c0084_house_084
CUE2560-0085,house,c0085_house_085
CUE2560-0086,house,c0086_house_086
CUE2560-0087,house,c0087_house_087
CUE2560-0088,house,c0088_house_088
CUE2560-0089,house,c0089_house_089
CUE2560-0090,house,c0090_house_090
CUE2560-0091,house,c0091_house_091
CUE2560-0092,house,c0092_house_092
CUE2560-0093,house,c0093_house_093
CUE2560-0094,house,c0094_house_094
CUE2560-0095,house,c0095_house_095
CUE2560-0096,house,c0096_house_096
CUE2560-0097,house,c0097_house_097
CUE2560-0098,house,c0098_house_098
CUE2560-0099,house,c0099_house_099
CUE2560-0100,house,c0100_house_100
CUE2560-0101,house,c0101_house_101
CUE2560-0102,house,c0102_house_102
CUE2560-0103,house,c0103_house_103
CUE2560-0104,house,c0104_house_104
CUE2560-0105,house,c0105_house_105
CUE2560-0106,house,c0106_house_106
CUE2560-0107,house,c0107_house_107
CUE2560-0108,house,c0108_house_108
CUE2560-0109,house,c0109_house_109
CUE2560-0110,house,c0110_house_110
CUE2560-0111,house,c0111_house_111
CUE2560-0112,house,c0112_house_112
CUE2560-0113,house,c0113_house_113
CUE2560-0114,house,c0114_house_114
CUE2560-0115,house,c0115_house_115
CUE2560-0116,house,c0116_house_116
CUE2560-0117,house,c0117_house_117
CUE2560-0118,house,c0118_house_118
CUE2560-0119,house,c0119_house_119
CUE2560-0120,house,c0120_house_120
CUE2560-0121,house,c0121_house_121
CUE2560-0122,house,c0122_house_122
CUE2560-0123,house,c0123_house_123
CUE2560-0124,house,c0124_house_124
CUE2560-0125,house,c0125_house_125
CUE2560-0126,house,c0126_house_126
CUE2560-0127,house,c0127_house_127
CUE2560-0128,house,c0128_house_128
CUE2560-0129,house,c0129_house_129
CUE2560-0130,house,c0130_house_130
CUE2560-0131,house,c0131_house_131
CUE2560-0132,house,c0132_house_132
CUE2560-0133,house,c0133_house_133
CUE2560-0134,house,c0134_house_134
CUE2560-0135,house,c0135_house_135
CUE2560-0136,house,c0136_house_136
CUE2560-0137,house,c0137_house_137
CUE2560-0138,house,c0138_house_138
CUE2560-0139,house,c0139_house_139
CUE2560-0140,house,c0140_house_140
CUE2560-0141,house,c0141_house_141
CUE2560-0142,house,c0142_house_142
CUE2560-0143,house,c0143_house_143
CUE2560-0144,house,c0144_house_144
CUE2560-0145,house,c0145_house_145
CUE2560-0146,house,c0146_house_146
CUE2560-0147,house,c0147_house_147
CUE2560-0148,house,c0148_house_148
CUE2560-0149,house,c0149_house_149
CUE2560-0150,house,c0150_house_150
CUE2560-0151,house,c0151_house_151
CUE2560-0152,house,c0152_house_152
CUE2560-0153,house,c0153_house_153
CUE2560-0154,house,c0154_house_154
CUE2560-0155,house,c0155_house_155
CUE2560-0156,house,c0156_house_156
CUE2560-0157,house,c0157_house_157
CUE2560-0158,house,c0158_house_158
CUE2560-0159,house,c0159_house_159
CUE2560-0160,house,c0160_house_160
CUE2560-0161,topic,c0161_topic_001
CUE2560-0162,topic,c0162_topic_002
CUE2560-0163,topic,c0163_topic_003
CUE2560-0164,topic,c0164_topic_004
CUE2560-0165,topic,c0165_topic_005
CUE2560-0166,topic,c0166_topic_006
CUE2560-0167,topic,c0167_topic_007
CUE2560-0168,topic,c0168_topic_008
CUE2560-0169,topic,c0169_topic_009
CUE2560-0170,topic,c0170_topic_010
CUE2560-0171,topic,c0171_topic_011
CUE2560-0172,topic,c0172_topic_012
CUE2560-0173,topic,c0173_topic_013
CUE2560-0174,topic,c0174_topic_014
CUE2560-0175,topic,c0175_topic_015
CUE2560-0176,topic,c0176_topic_016
CUE2560-0177,topic,c0177_topic_017
CUE2560-0178,topic,c0178_topic_018
CUE2560-0179,topic,c0179_topic_019
CUE2560-0180,topic,c0180_topic_020
CUE2560-0181,topic,c0181_topic_021
CUE2560-0182,topic,c0182_topic_022
CUE2560-0183,topic,c0183_topic_023
CUE2560-0184,topic,c0184_topic_024
CUE2560-0185,topic,c0185_topic_025
CUE2560-0186,topic,c0186_topic_026
CUE2560-0187,topic,c0187_topic_027
CUE2560-0188,topic,c0188_topic_028
CUE2560-0189,topic,c0189_topic_029
CUE2560-0190,topic,c0190_topic_030
CUE2560-0191,topic,c0191_topic_031
CUE2560-0192,topic,c0192_topic_032
CUE2560-0193,topic,c0193_topic_033
CUE2560-0194,topic,c0194_topic_034
CUE2560-0195,topic,c0195_topic_035
CUE2560-0196,topic,c0196_topic_036
CUE2560-0197,topic,c0197_topic_037
CUE2560-0198,topic,c0198_topic_038
CUE2560-0199,topic,c0199_topic_039
CUE2560-0200,topic,c0200_topic_040
CUE2560-0201,topic,c0201_topic_041
CUE2560-0202,topic,c0202_topic_042
CUE2560-0203,topic,c0203_topic_043
CUE2560-0204,topic,c0204_topic_044
CUE2560-0205,topic,c0205_topic_045
CUE2560-0206,topic,c0206_topic_046
CUE2560-0207,topic,c0207_topic_047
CUE2560-0208,topic,c0208_topic_048
CUE2560-0209,topic,c0209_topic_049
CUE2560-0210,topic,c0210_topic_050
CUE2560-0211,topic,c0211_topic_051
CUE2560-0212,topic,c0212_topic_052
CUE2560-0213,topic,c0213_topic_053
CUE2560-0214,topic,c0214_topic_054
CUE2560-0215,topic,c0215_topic_055
CUE2560-0216,topic,c0216_topic_056
CUE2560-0217,topic,c0217_topic_057
CUE2560-0218,topic,c0218_topic_058
CUE2560-0219,topic,c0219_topic_059
CUE2560-0220,topic,c0220_topic_060
CUE2560-0221,topic,c0221_topic_061
CUE2560-0222,topic,c0222_topic_062
CUE2560-0223,topic,c0223_topic_063
CUE2560-0224,topic,c0224_topic_064
CUE2560-0225,topic,c0225_topic_065
CUE2560-0226,topic,c0226_topic_066
CUE2560-0227,topic,c0227_topic_067
CUE2560-0228,topic,c0228_topic_068
CUE2560-0229,topic,c0229_topic_069
CUE2560-0230,topic,c0230_topic_070
CUE2560-0231,topic,c0231_topic_071
CUE2560-0232,topic,c0232_topic_072
CUE2560-0233,topic,c0233_topic_073
CUE2560-0234,topic,c0234_topic_074
CUE2560-0235,topic,c0235_topic_075
CUE2560-0236,topic,c0236_topic_076
CUE2560-0237,topic,c0237_topic_077
CUE2560-0238,topic,c0238_topic_078
CUE2560-0239,topic,c0239_topic_079
CUE2560-0240,topic,c0240_topic_080
CUE2560-0241,topic,c0241_topic_081
CUE2560-0242,topic,c0242_topic_082
CUE2560-0243,topic,c0243_topic_083
CUE2560-0244,topic,c0244_topic_084
CUE2560-0245,topic,c0245_topic_085
CUE2560-0246,topic,c0246_topic_086
CUE2560-0247,topic,c0247_topic_087
CUE2560-0248,topic,c0248_topic_088
CUE2560-0249,topic,c0249_topic_089
CUE2560-0250,topic,c0250_topic_090
CUE2560-0251,topic,c0251_topic_091
CUE2560-0252,topic,c0252_topic_092
CUE2560-0253,topic,c0253_topic_093
CUE2560-0254,topic,c0254_topic_094
CUE2560-0255,topic,c0255_topic_095
CUE2560-0256,topic,c0256_topic_096
CUE2560-0257,topic,c0257_topic_097
CUE2560-0258,topic,c0258_topic_098
CUE2560-0259,topic,c0259_topic_099
CUE2560-0260,topic,c0260_topic_100
CUE2560-0261,topic,c0261_topic_101
CUE2560-0262,topic,c0262_topic_102
CUE2560-0263,topic,c0263_topic_103
CUE2560-0264,topic,c0264_topic_104
CUE2560-0265,topic,c0265_topic_105
CUE2560-0266,topic,c0266_topic_106
CUE2560-0267,topic,c0267_topic_107
CUE2560-0268,topic,c0268_topic_108
CUE2560-0269,topic,c0269_topic_109
CUE2560-0270,topic,c0270_topic_110
CUE2560-0271,topic,c0271_topic_111
CUE2560-0272,topic,c0272_topic_112
CUE2560-0273,topic,c0273_topic_113
CUE2560-0274,topic,c0274_topic_114
CUE2560-0275,topic,c0275_topic_115
CUE2560-0276,topic,c0276_topic_116
CUE2560-0277,topic,c0277_topic_117
CUE2560-0278,topic,c0278_topic_118
CUE2560-0279,topic,c0279_topic_119
CUE2560-0280,topic,c0280_topic_120
CUE2560-0281,topic,c0281_topic_121
CUE2560-0282,topic,c0282_topic_122
CUE2560-0283,topic,c0283_topic_123
CUE2560-0284,topic,c0284_topic_124
CUE2560-0285,topic,c0285_topic_125
CUE2560-0286,topic,c0286_topic_126
CUE2560-0287,topic,c0287_topic_127
CUE2560-0288,topic,c0288_topic_128
CUE2560-0289,topic,c0289_topic_129
CUE2560-0290,topic,c0290_topic_130
CUE2560-0291,topic,c0291_topic_131
CUE2560-0292,topic,c0292_topic_132
CUE2560-0293,topic,c0293_topic_133
CUE2560-0294,topic,c0294_topic_134
CUE2560-0295,topic,c0295_topic_135
CUE2560-0296,topic,c0296_topic_136
CUE2560-0297,topic,c0297_topic_137
CUE2560-0298,topic,c0298_topic_138
CUE2560-0299,topic,c0299_topic_139
CUE2560-0300,topic,c0300_topic_140
CUE2560-0301,topic,c0301_topic_141
CUE2560-0302,topic,c0302_topic_142
CUE2560-0303,topic,c0303_topic_143
CUE2560-0304,topic,c0304_topic_144
CUE2560-0305,topic,c0305_topic_145
CUE2560-0306,topic,c0306_topic_146
CUE2560-0307,topic,c0307_topic_147
CUE2560-0308,topic,c0308_topic_148
CUE2560-0309,topic,c0309_topic_149
CUE2560-0310,topic,c0310_topic_150
CUE2560-0311,topic,c0311_topic_151
CUE2560-0312,topic,c0312_topic_152
CUE2560-0313,topic,c0313_topic_153
CUE2560-0314,topic,c0314_topic_154
CUE2560-0315,topic,c0315_topic_155
CUE2560-0316,topic,c0316_topic_156
CUE2560-0317,topic,c0317_topic_157
CUE2560-0318,topic,c0318_topic_158
CUE2560-0319,topic,c0319_topic_159
CUE2560-0320,topic,c0320_topic_160
CUE2560-0321,depth,c0321_depth_001
CUE2560-0322,depth,c0322_depth_002
CUE2560-0323,depth,c0323_depth_003
CUE2560-0324,depth,c0324_depth_004
CUE2560-0325,depth,c0325_depth_005
CUE2560-0326,depth,c0326_depth_006
CUE2560-0327,depth,c0327_depth_007
CUE2560-0328,depth,c0328_depth_008
CUE2560-0329,depth,c0329_depth_009
CUE2560-0330,depth,c0330_depth_010
CUE2560-0331,depth,c0331_depth_011
CUE2560-0332,depth,c0332_depth_012
CUE2560-0333,depth,c0333_depth_013
CUE2560-0334,depth,c0334_depth_014
CUE2560-0335,depth,c0335_depth_015
CUE2560-0336,depth,c0336_depth_016
CUE2560-0337,depth,c0337_depth_017
CUE2560-0338,depth,c0338_depth_018
CUE2560-0339,depth,c0339_depth_019
CUE2560-0340,depth,c0340_depth_020
CUE2560-0341,depth,c0341_depth_021
CUE2560-0342,depth,c0342_depth_022
CUE2560-0343,depth,c0343_depth_023
CUE2560-0344,depth,c0344_depth_024
CUE2560-0345,depth,c0345_depth_025
CUE2560-0346,depth,c0346_depth_026
CUE2560-0347,depth,c0347_depth_027
CUE2560-0348,depth,c0348_depth_028
CUE2560-0349,depth,c0349_depth_029
CUE2560-0350,depth,c0350_depth_030
CUE2560-0351,depth,c0351_depth_031
CUE2560-0352,depth,c0352_depth_032
CUE2560-0353,depth,c0353_depth_033
CUE2560-0354,depth,c0354_depth_034
CUE2560-0355,depth,c0355_depth_035
CUE2560-0356,depth,c0356_depth_036
CUE2560-0357,depth,c0357_depth_037
CUE2560-0358,depth,c0358_depth_038
CUE2560-0359,depth,c0359_depth_039
CUE2560-0360,depth,c0360_depth_040
CUE2560-0361,depth,c0361_depth_041
CUE2560-0362,depth,c0362_depth_042
CUE2560-0363,depth,c0363_depth_043
CUE2560-0364,depth,c0364_depth_044
CUE2560-0365,depth,c0365_depth_045
CUE2560-0366,depth,c0366_depth_046
CUE2560-0367,depth,c0367_depth_047
CUE2560-0368,depth,c0368_depth_048
CUE2560-0369,depth,c0369_depth_049
CUE2560-0370,depth,c0370_depth_050
CUE2560-0371,depth,c0371_depth_051
CUE2560-0372,depth,c0372_depth_052
CUE2560-0373,depth,c0373_depth_053
CUE2560-0374,depth,c0374_depth_054
CUE2560-0375,depth,c0375_depth_055
CUE2560-0376,depth,c0376_depth_056
CUE2560-0377,depth,c0377_depth_057
CUE2560-0378,depth,c0378_depth_058
CUE2560-0379,depth,c0379_depth_059
CUE2560-0380,depth,c0380_depth_060
CUE2560-0381,depth,c0381_depth_061
CUE2560-0382,depth,c0382_depth_062
CUE2560-0383,depth,c0383_depth_063
CUE2560-0384,depth,c0384_depth_064
CUE2560-0385,depth,c0385_depth_065
CUE2560-0386,depth,c0386_depth_066
CUE2560-0387,depth,c0387_depth_067
CUE2560-0388,depth,c0388_depth_068
CUE2560-0389,depth,c0389_depth_069
CUE2560-0390,depth,c0390_depth_070
CUE2560-0391,depth,c0391_depth_071
CUE2560-0392,depth,c0392_depth_072
CUE2560-0393,depth,c0393_depth_073
CUE2560-0394,depth,c0394_depth_074
CUE2560-0395,depth,c0395_depth_075
CUE2560-0396,depth,c0396_depth_076
CUE2560-0397,depth,c0397_depth_077
CUE2560-0398,depth,c0398_depth_078
CUE2560-0399,depth,c0399_depth_079
CUE2560-0400,depth,c0400_depth_080
CUE2560-0401,depth,c0401_depth_081
CUE2560-0402,depth,c0402_depth_082
CUE2560-0403,depth,c0403_depth_083
CUE2560-0404,depth,c0404_depth_084
CUE2560-0405,depth,c0405_depth_085
CUE2560-0406,depth,c0406_depth_086
CUE2560-0407,depth,c0407_depth_087
CUE2560-0408,depth,c0408_depth_088
CUE2560-0409,depth,c0409_depth_089
CUE2560-0410,depth,c0410_depth_090
CUE2560-0411,depth,c0411_depth_091
CUE2560-0412,depth,c0412_depth_092
CUE2560-0413,depth,c0413_depth_093
CUE2560-0414,depth,c0414_depth_094
CUE2560-0415,depth,c0415_depth_095
CUE2560-0416,depth,c0416_depth_096
CUE2560-0417,depth,c0417_depth_097
CUE2560-0418,depth,c0418_depth_098
CUE2560-0419,depth,c0419_depth_099
CUE2560-0420,depth,c0420_depth_100
CUE2560-0421,depth,c0421_depth_101
CUE2560-0422,depth,c0422_depth_102
CUE2560-0423,depth,c0423_depth_103
CUE2560-0424,depth,c0424_depth_104
CUE2560-0425,depth,c0425_depth_105
CUE2560-0426,depth,c0426_depth_106
CUE2560-0427,depth,c0427_depth_107
CUE2560-0428,depth,c0428_depth_108
CUE2560-0429,depth,c0429_depth_109
CUE2560-0430,depth,c0430_depth_110
CUE2560-0431,depth,c0431_depth_111
CUE2560-0432,depth,c0432_depth_112
CUE2560-0433,depth,c0433_depth_113
CUE2560-0434,depth,c0434_depth_114
CUE2560-0435,depth,c0435_depth_115
CUE2560-0436,depth,c0436_depth_116
CUE2560-0437,depth,c0437_depth_117
CUE2560-0438,depth,c0438_depth_118
CUE2560-0439,depth,c0439_depth_119
CUE2560-0440,depth,c0440_depth_120
CUE2560-0441,depth,c0441_depth_121
CUE2560-0442,depth,c0442_depth_122
CUE2560-0443,depth,c0443_depth_123
CUE2560-0444,depth,c0444_depth_124
CUE2560-0445,depth,c0445_depth_125
CUE2560-0446,depth,c0446_depth_126
CUE2560-0447,depth,c0447_depth_127
CUE2560-0448,depth,c0448_depth_128
CUE2560-0449,depth,c0449_depth_129
CUE2560-0450,depth,c0450_depth_130
CUE2560-0451,depth,c0451_depth_131
CUE2560-0452,depth,c0452_depth_132
CUE2560-0453,depth,c0453_depth_133
CUE2560-0454,depth,c0454_depth_134
CUE2560-0455,depth,c0455_depth_135
CUE2560-0456,depth,c0456_depth_136
CUE2560-0457,depth,c0457_depth_137
CUE2560-0458,depth,c0458_depth_138
CUE2560-0459,depth,c0459_depth_139
CUE2560-0460,depth,c0460_depth_140
CUE2560-0461,depth,c0461_depth_141
CUE2560-0462,depth,c0462_depth_142
CUE2560-0463,depth,c0463_depth_143
CUE2560-0464,depth,c0464_depth_144
CUE2560-0465,depth,c0465_depth_145
CUE2560-0466,depth,c0466_depth_146
CUE2560-0467,depth,c0467_depth_147
CUE2560-0468,depth,c0468_depth_148
CUE2560-0469,depth,c0469_depth_149
CUE2560-0470,depth,c0470_depth_150
CUE2560-0471,depth,c0471_depth_151
CUE2560-0472,depth,c0472_depth_152
CUE2560-0473,depth,c0473_depth_153
CUE2560-0474,depth,c0474_depth_154
CUE2560-0475,depth,c0475_depth_155
CUE2560-0476,depth,c0476_depth_156
CUE2560-0477,depth,c0477_depth_157
CUE2560-0478,depth,c0478_depth_158
CUE2560-0479,depth,c0479_depth_159
CUE2560-0480,depth,c0480_depth_160
CUE2560-0481,think,c0481_think_001
CUE2560-0482,think,c0482_think_002
CUE2560-0483,think,c0483_think_003
CUE2560-0484,think,c0484_think_004
CUE2560-0485,think,c0485_think_005
CUE2560-0486,think,c0486_think_006
CUE2560-0487,think,c0487_think_007
CUE2560-0488,think,c0488_think_008
CUE2560-0489,think,c0489_think_009
CUE2560-0490,think,c0490_think_010
CUE2560-0491,think,c0491_think_011
CUE2560-0492,think,c0492_think_012
CUE2560-0493,think,c0493_think_013
CUE2560-0494,think,c0494_think_014
CUE2560-0495,think,c0495_think_015
CUE2560-0496,think,c0496_think_016
CUE2560-0497,think,c0497_think_017
CUE2560-0498,think,c0498_think_018
CUE2560-0499,think,c0499_think_019
CUE2560-0500,think,c0500_think_020
CUE2560-0501,think,c0501_think_021
CUE2560-0502,think,c0502_think_022
CUE2560-0503,think,c0503_think_023
CUE2560-0504,think,c0504_think_024
CUE2560-0505,think,c0505_think_025
CUE2560-0506,think,c0506_think_026
CUE2560-0507,think,c0507_think_027
CUE2560-0508,think,c0508_think_028
CUE2560-0509,think,c0509_think_029
CUE2560-0510,think,c0510_think_030
CUE2560-0511,think,c0511_think_031
CUE2560-0512,think,c0512_think_032
CUE2560-0513,think,c0513_think_033
CUE2560-0514,think,c0514_think_034
CUE2560-0515,think,c0515_think_035
CUE2560-0516,think,c0516_think_036
CUE2560-0517,think,c0517_think_037
CUE2560-0518,think,c0518_think_038
CUE2560-0519,think,c0519_think_039
CUE2560-0520,think,c0520_think_040
CUE2560-0521,think,c0521_think_041
CUE2560-0522,think,c0522_think_042
CUE2560-0523,think,c0523_think_043
CUE2560-0524,think,c0524_think_044
CUE2560-0525,think,c0525_think_045
CUE2560-0526,think,c0526_think_046
CUE2560-0527,think,c0527_think_047
CUE2560-0528,think,c0528_think_048
CUE2560-0529,think,c0529_think_049
CUE2560-0530,think,c0530_think_050
CUE2560-0531,think,c0531_think_051
CUE2560-0532,think,c0532_think_052
CUE2560-0533,think,c0533_think_053
CUE2560-0534,think,c0534_think_054
CUE2560-0535,think,c0535_think_055
CUE2560-0536,think,c0536_think_056
CUE2560-0537,think,c0537_think_057
CUE2560-0538,think,c0538_think_058
CUE2560-0539,think,c0539_think_059
CUE2560-0540,think,c0540_think_060
CUE2560-0541,think,c0541_think_061
CUE2560-0542,think,c0542_think_062
CUE2560-0543,think,c0543_think_063
CUE2560-0544,think,c0544_think_064
CUE2560-0545,think,c0545_think_065
CUE2560-0546,think,c0546_think_066
CUE2560-0547,think,c0547_think_067
CUE2560-0548,think,c0548_think_068
CUE2560-0549,think,c0549_think_069
CUE2560-0550,think,c0550_think_070
CUE2560-0551,think,c0551_think_071
CUE2560-0552,think,c0552_think_072
CUE2560-0553,think,c0553_think_073
CUE2560-0554,think,c0554_think_074
CUE2560-0555,think,c0555_think_075
CUE2560-0556,think,c0556_think_076
CUE2560-0557,think,c0557_think_077
CUE2560-0558,think,c0558_think_078
CUE2560-0559,think,c0559_think_079
CUE2560-0560,think,c0560_think_080
CUE2560-0561,think,c0561_think_081
CUE2560-0562,think,c0562_think_082
CUE2560-0563,think,c0563_think_083
CUE2560-0564,think,c0564_think_084
CUE2560-0565,think,c0565_think_085
CUE2560-0566,think,c0566_think_086
CUE2560-0567,think,c0567_think_087
CUE2560-0568,think,c0568_think_088
CUE2560-0569,think,c0569_think_089
CUE2560-0570,think,c0570_think_090
CUE2560-0571,think,c0571_think_091
CUE2560-0572,think,c0572_think_092
CUE2560-0573,think,c0573_think_093
CUE2560-0574,think,c0574_think_094
CUE2560-0575,think,c0575_think_095
CUE2560-0576,think,c0576_think_096
CUE2560-0577,think,c0577_think_097
CUE2560-0578,think,c0578_think_098
CUE2560-0579,think,c0579_think_099
CUE2560-0580,think,c0580_think_100
CUE2560-0581,think,c0581_think_101
CUE2560-0582,think,c0582_think_102
CUE2560-0583,think,c0583_think_103
CUE2560-0584,think,c0584_think_104
CUE2560-0585,think,c0585_think_105
CUE2560-0586,think,c0586_think_106
CUE2560-0587,think,c0587_think_107
CUE2560-0588,think,c0588_think_108
CUE2560-0589,think,c0589_think_109
CUE2560-0590,think,c0590_think_110
CUE2560-0591,think,c0591_think_111
CUE2560-0592,think,c0592_think_112
CUE2560-0593,think,c0593_think_113
CUE2560-0594,think,c0594_think_114
CUE2560-0595,think,c0595_think_115
CUE2560-0596,think,c0596_think_116
CUE2560-0597,think,c0597_think_117
CUE2560-0598,think,c0598_think_118
CUE2560-0599,think,c0599_think_119
CUE2560-0600,think,c0600_think_120
CUE2560-0601,think,c0601_think_121
CUE2560-0602,think,c0602_think_122
CUE2560-0603,think,c0603_think_123
CUE2560-0604,think,c0604_think_124
CUE2560-0605,think,c0605_think_125
CUE2560-0606,think,c0606_think_126
CUE2560-0607,think,c0607_think_127
CUE2560-0608,think,c0608_think_128
CUE2560-0609,think,c0609_think_129
CUE2560-0610,think,c0610_think_130
CUE2560-0611,think,c0611_think_131
CUE2560-0612,think,c0612_think_132
CUE2560-0613,think,c0613_think_133
CUE2560-0614,think,c0614_think_134
CUE2560-0615,think,c0615_think_135
CUE2560-0616,think,c0616_think_136
CUE2560-0617,think,c0617_think_137
CUE2560-0618,think,c0618_think_138
CUE2560-0619,think,c0619_think_139
CUE2560-0620,think,c0620_think_140
CUE2560-0621,think,c0621_think_141
CUE2560-0622,think,c0622_think_142
CUE2560-0623,think,c0623_think_143
CUE2560-0624,think,c0624_think_144
CUE2560-0625,think,c0625_think_145
CUE2560-0626,think,c0626_think_146
CUE2560-0627,think,c0627_think_147
CUE2560-0628,think,c0628_think_148
CUE2560-0629,think,c0629_think_149
CUE2560-0630,think,c0630_think_150
CUE2560-0631,think,c0631_think_151
CUE2560-0632,think,c0632_think_152
CUE2560-0633,think,c0633_think_153
CUE2560-0634,think,c0634_think_154
CUE2560-0635,think,c0635_think_155
CUE2560-0636,think,c0636_think_156
CUE2560-0637,think,c0637_think_157
CUE2560-0638,think,c0638_think_158
CUE2560-0639,think,c0639_think_159
CUE2560-0640,think,c0640_think_160
CUE2560-0641,obscure,c0641_obscure_001
CUE2560-0642,obscure,c0642_obscure_002
CUE2560-0643,obscure,c0643_obscure_003
CUE2560-0644,obscure,c0644_obscure_004
CUE2560-0645,obscure,c0645_obscure_005
CUE2560-0646,obscure,c0646_obscure_006
CUE2560-0647,obscure,c0647_obscure_007
CUE2560-0648,obscure,c0648_obscure_008
CUE2560-0649,obscure,c0649_obscure_009
CUE2560-0650,obscure,c0650_obscure_010
CUE2560-0651,obscure,c0651_obscure_011
CUE2560-0652,obscure,c0652_obscure_012
CUE2560-0653,obscure,c0653_obscure_013
CUE2560-0654,obscure,c0654_obscure_014
CUE2560-0655,obscure,c0655_obscure_015
CUE2560-0656,obscure,c0656_obscure_016
CUE2560-0657,obscure,c0657_obscure_017
CUE2560-0658,obscure,c0658_obscure_018
CUE2560-0659,obscure,c0659_obscure_019
CUE2560-0660,obscure,c0660_obscure_020
CUE2560-0661,obscure,c0661_obscure_021
CUE2560-0662,obscure,c0662_obscure_022
CUE2560-0663,obscure,c0663_obscure_023
CUE2560-0664,obscure,c0664_obscure_024
CUE2560-0665,obscure,c0665_obscure_025
CUE2560-0666,obscure,c0666_obscure_026
CUE2560-0667,obscure,c0667_obscure_027
CUE2560-0668,obscure,c0668_obscure_028
CUE2560-0669,obscure,c0669_obscure_029
CUE2560-0670,obscure,c0670_obscure_030
CUE2560-0671,obscure,c0671_obscure_031
CUE2560-0672,obscure,c0672_obscure_032
CUE2560-0673,obscure,c0673_obscure_033
CUE2560-0674,obscure,c0674_obscure_034
CUE2560-0675,obscure,c0675_obscure_035
CUE2560-0676,obscure,c0676_obscure_036
CUE2560-0677,obscure,c0677_obscure_037
CUE2560-0678,obscure,c0678_obscure_038
CUE2560-0679,obscure,c0679_obscure_039
CUE2560-0680,obscure,c0680_obscure_040
CUE2560-0681,obscure,c0681_obscure_041
CUE2560-0682,obscure,c0682_obscure_042
CUE2560-0683,obscure,c0683_obscure_043
CUE2560-0684,obscure,c0684_obscure_044
CUE2560-0685,obscure,c0685_obscure_045
CUE2560-0686,obscure,c0686_obscure_046
CUE2560-0687,obscure,c0687_obscure_047
CUE2560-0688,obscure,c0688_obscure_048
CUE2560-0689,obscure,c0689_obscure_049
CUE2560-0690,obscure,c0690_obscure_050
CUE2560-0691,obscure,c0691_obscure_051
CUE2560-0692,obscure,c0692_obscure_052
CUE2560-0693,obscure,c0693_obscure_053
CUE2560-0694,obscure,c0694_obscure_054
CUE2560-0695,obscure,c0695_obscure_055
CUE2560-0696,obscure,c0696_obscure_056
CUE2560-0697,obscure,c0697_obscure_057
CUE2560-0698,obscure,c0698_obscure_058
CUE2560-0699,obscure,c0699_obscure_059
CUE2560-0700,obscure,c0700_obscure_060
CUE2560-0701,obscure,c0701_obscure_061
CUE2560-0702,obscure,c0702_obscure_062
CUE2560-0703,obscure,c0703_obscure_063
CUE2560-0704,obscure,c0704_obscure_064
CUE2560-0705,obscure,c0705_obscure_065
CUE2560-0706,obscure,c0706_obscure_066
CUE2560-0707,obscure,c0707_obscure_067
CUE2560-0708,obscure,c0708_obscure_068
CUE2560-0709,obscure,c0709_obscure_069
CUE2560-0710,obscure,c0710_obscure_070
CUE2560-0711,obscure,c0711_obscure_071
CUE2560-0712,obscure,c0712_obscure_072
CUE2560-0713,obscure,c0713_obscure_073
CUE2560-0714,obscure,c0714_obscure_074
CUE2560-0715,obscure,c0715_obscure_075
CUE2560-0716,obscure,c0716_obscure_076
CUE2560-0717,obscure,c0717_obscure_077
CUE2560-0718,obscure,c0718_obscure_078
CUE2560-0719,obscure,c0719_obscure_079
CUE2560-0720,obscure,c0720_obscure_080
CUE2560-0721,obscure,c0721_obscure_081
CUE2560-0722,obscure,c0722_obscure_082
CUE2560-0723,obscure,c0723_obscure_083
CUE2560-0724,obscure,c0724_obscure_084
CUE2560-0725,obscure,c0725_obscure_085
CUE2560-0726,obscure,c0726_obscure_086
CUE2560-0727,obscure,c0727_obscure_087
CUE2560-0728,obscure,c0728_obscure_088
CUE2560-0729,obscure,c0729_obscure_089
CUE2560-0730,obscure,c0730_obscure_090
CUE2560-0731,obscure,c0731_obscure_091
CUE2560-0732,obscure,c0732_obscure_092
CUE2560-0733,obscure,c0733_obscure_093
CUE2560-0734,obscure,c0734_obscure_094
CUE2560-0735,obscure,c0735_obscure_095
CUE2560-0736,obscure,c0736_obscure_096
CUE2560-0737,obscure,c0737_obscure_097
CUE2560-0738,obscure,c0738_obscure_098
CUE2560-0739,obscure,c0739_obscure_099
CUE2560-0740,obscure,c0740_obscure_100
CUE2560-0741,obscure,c0741_obscure_101
CUE2560-0742,obscure,c0742_obscure_102
CUE2560-0743,obscure,c0743_obscure_103
CUE2560-0744,obscure,c0744_obscure_104
CUE2560-0745,obscure,c0745_obscure_105
CUE2560-0746,obscure,c0746_obscure_106
CUE2560-0747,obscure,c0747_obscure_107
CUE2560-0748,obscure,c0748_obscure_108
CUE2560-0749,obscure,c0749_obscure_109
CUE2560-0750,obscure,c0750_obscure_110
CUE2560-0751,obscure,c0751_obscure_111
CUE2560-0752,obscure,c0752_obscure_112
CUE2560-0753,obscure,c0753_obscure_113
CUE2560-0754,obscure,c0754_obscure_114
CUE2560-0755,obscure,c0755_obscure_115
CUE2560-0756,obscure,c0756_obscure_116
CUE2560-0757,obscure,c0757_obscure_117
CUE2560-0758,obscure,c0758_obscure_118
CUE2560-0759,obscure,c0759_obscure_119
CUE2560-0760,obscure,c0760_obscure_120
CUE2560-0761,obscure,c0761_obscure_121
CUE2560-0762,obscure,c0762_obscure_122
CUE2560-0763,obscure,c0763_obscure_123
CUE2560-0764,obscure,c0764_obscure_124
CUE2560-0765,obscure,c0765_obscure_125
CUE2560-0766,obscure,c0766_obscure_126
CUE2560-0767,obscure,c0767_obscure_127
CUE2560-0768,obscure,c0768_obscure_128
CUE2560-0769,obscure,c0769_obscure_129
CUE2560-0770,obscure,c0770_obscure_130
CUE2560-0771,obscure,c0771_obscure_131
CUE2560-0772,obscure,c0772_obscure_132
CUE2560-0773,obscure,c0773_obscure_133
CUE2560-0774,obscure,c0774_obscure_134
CUE2560-0775,obscure,c0775_obscure_135
CUE2560-0776,obscure,c0776_obscure_136
CUE2560-0777,obscure,c0777_obscure_137
CUE2560-0778,obscure,c0778_obscure_138
CUE2560-0779,obscure,c0779_obscure_139
CUE2560-0780,obscure,c0780_obscure_140
CUE2560-0781,obscure,c0781_obscure_141
CUE2560-0782,obscure,c0782_obscure_142
CUE2560-0783,obscure,c0783_obscure_143
CUE2560-0784,obscure,c0784_obscure_144
CUE2560-0785,obscure,c0785_obscure_145
CUE2560-0786,obscure,c0786_obscure_146
CUE2560-0787,obscure,c0787_obscure_147
CUE2560-0788,obscure,c0788_obscure_148
CUE2560-0789,obscure,c0789_obscure_149
CUE2560-0790,obscure,c0790_obscure_150
CUE2560-0791,obscure,c0791_obscure_151
CUE2560-0792,obscure,c0792_obscure_152
CUE2560-0793,obscure,c0793_obscure_153
CUE2560-0794,obscure,c0794_obscure_154
CUE2560-0795,obscure,c0795_obscure_155
CUE2560-0796,obscure,c0796_obscure_156
CUE2560-0797,obscure,c0797_obscure_157
CUE2560-0798,obscure,c0798_obscure_158
CUE2560-0799,obscure,c0799_obscure_159
CUE2560-0800,obscure,c0800_obscure_160
CUE2560-0801,token,c0801_token_001
CUE2560-0802,token,c0802_token_002
CUE2560-0803,token,c0803_token_003
CUE2560-0804,token,c0804_token_004
CUE2560-0805,token,c0805_token_005
CUE2560-0806,token,c0806_token_006
CUE2560-0807,token,c0807_token_007
CUE2560-0808,token,c0808_token_008
CUE2560-0809,token,c0809_token_009
CUE2560-0810,token,c0810_token_010
CUE2560-0811,token,c0811_token_011
CUE2560-0812,token,c0812_token_012
CUE2560-0813,token,c0813_token_013
CUE2560-0814,token,c0814_token_014
CUE2560-0815,token,c0815_token_015
CUE2560-0816,token,c0816_token_016
CUE2560-0817,token,c0817_token_017
CUE2560-0818,token,c0818_token_018
CUE2560-0819,token,c0819_token_019
CUE2560-0820,token,c0820_token_020
CUE2560-0821,token,c0821_token_021
CUE2560-0822,token,c0822_token_022
CUE2560-0823,token,c0823_token_023
CUE2560-0824,token,c0824_token_024
CUE2560-0825,token,c0825_token_025
CUE2560-0826,token,c0826_token_026
CUE2560-0827,token,c0827_token_027
CUE2560-0828,token,c0828_token_028
CUE2560-0829,token,c0829_token_029
CUE2560-0830,token,c0830_token_030
CUE2560-0831,token,c0831_token_031
CUE2560-0832,token,c0832_token_032
CUE2560-0833,token,c0833_token_033
CUE2560-0834,token,c0834_token_034
CUE2560-0835,token,c0835_token_035
CUE2560-0836,token,c0836_token_036
CUE2560-0837,token,c0837_token_037
CUE2560-0838,token,c0838_token_038
CUE2560-0839,token,c0839_token_039
CUE2560-0840,token,c0840_token_040
CUE2560-0841,token,c0841_token_041
CUE2560-0842,token,c0842_token_042
CUE2560-0843,token,c0843_token_043
CUE2560-0844,token,c0844_token_044
CUE2560-0845,token,c0845_token_045
CUE2560-0846,token,c0846_token_046
CUE2560-0847,token,c0847_token_047
CUE2560-0848,token,c0848_token_048
CUE2560-0849,token,c0849_token_049
CUE2560-0850,token,c0850_token_050
CUE2560-0851,token,c0851_token_051
CUE2560-0852,token,c0852_token_052
CUE2560-0853,token,c0853_token_053
CUE2560-0854,token,c0854_token_054
CUE2560-0855,token,c0855_token_055
CUE2560-0856,token,c0856_token_056
CUE2560-0857,token,c0857_token_057
CUE2560-0858,token,c0858_token_058
CUE2560-0859,token,c0859_token_059
CUE2560-0860,token,c0860_token_060
CUE2560-0861,token,c0861_token_061
CUE2560-0862,token,c0862_token_062
CUE2560-0863,token,c0863_token_063
CUE2560-0864,token,c0864_token_064
CUE2560-0865,token,c0865_token_065
CUE2560-0866,token,c0866_token_066
CUE2560-0867,token,c0867_token_067
CUE2560-0868,token,c0868_token_068
CUE2560-0869,token,c0869_token_069
CUE2560-0870,token,c0870_token_070
CUE2560-0871,token,c0871_token_071
CUE2560-0872,token,c0872_token_072
CUE2560-0873,token,c0873_token_073
CUE2560-0874,token,c0874_token_074
CUE2560-0875,token,c0875_token_075
CUE2560-0876,token,c0876_token_076
CUE2560-0877,token,c0877_token_077
CUE2560-0878,token,c0878_token_078
CUE2560-0879,token,c0879_token_079
CUE2560-0880,token,c0880_token_080
CUE2560-0881,token,c0881_token_081
CUE2560-0882,token,c0882_token_082
CUE2560-0883,token,c0883_token_083
CUE2560-0884,token,c0884_token_084
CUE2560-0885,token,c0885_token_085
CUE2560-0886,token,c0886_token_086
CUE2560-0887,token,c0887_token_087
CUE2560-0888,token,c0888_token_088
CUE2560-0889,token,c0889_token_089
CUE2560-0890,token,c0890_token_090
CUE2560-0891,token,c0891_token_091
CUE2560-0892,token,c0892_token_092
CUE2560-0893,token,c0893_token_093
CUE2560-0894,token,c0894_token_094
CUE2560-0895,token,c0895_token_095
CUE2560-0896,token,c0896_token_096
CUE2560-0897,token,c0897_token_097
CUE2560-0898,token,c0898_token_098
CUE2560-0899,token,c0899_token_099
CUE2560-0900,token,c0900_token_100
CUE2560-0901,token,c0901_token_101
CUE2560-0902,token,c0902_token_102
CUE2560-0903,token,c0903_token_103
CUE2560-0904,token,c0904_token_104
CUE2560-0905,token,c0905_token_105
CUE2560-0906,token,c0906_token_106
CUE2560-0907,token,c0907_token_107
CUE2560-0908,token,c0908_token_108
CUE2560-0909,token,c0909_token_109
CUE2560-0910,token,c0910_token_110
CUE2560-0911,token,c0911_token_111
CUE2560-0912,token,c0912_token_112
CUE2560-0913,token,c0913_token_113
CUE2560-0914,token,c0914_token_114
CUE2560-0915,token,c0915_token_115
CUE2560-0916,token,c0916_token_116
CUE2560-0917,token,c0917_token_117
CUE2560-0918,token,c0918_token_118
CUE2560-0919,token,c0919_token_119
CUE2560-0920,token,c0920_token_120
CUE2560-0921,token,c0921_token_121
CUE2560-0922,token,c0922_token_122
CUE2560-0923,token,c0923_token_123
CUE2560-0924,token,c0924_token_124
CUE2560-0925,token,c0925_token_125
CUE2560-0926,token,c0926_token_126
CUE2560-0927,token,c0927_token_127
CUE2560-0928,token,c0928_token_128
CUE2560-0929,token,c0929_token_129
CUE2560-0930,token,c0930_token_130
CUE2560-0931,token,c0931_token_131
CUE2560-0932,token,c0932_token_132
CUE2560-0933,token,c0933_token_133
CUE2560-0934,token,c0934_token_134
CUE2560-0935,token,c0935_token_135
CUE2560-0936,token,c0936_token_136
CUE2560-0937,token,c0937_token_137
CUE2560-0938,token,c0938_token_138
CUE2560-0939,token,c0939_token_139
CUE2560-0940,token,c0940_token_140
CUE2560-0941,token,c0941_token_141
CUE2560-0942,token,c0942_token_142
CUE2560-0943,token,c0943_token_143
CUE2560-0944,token,c0944_token_144
CUE2560-0945,token,c0945_token_145
CUE2560-0946,token,c0946_token_146
CUE2560-0947,token,c0947_token_147
CUE2560-0948,token,c0948_token_148
CUE2560-0949,token,c0949_token_149
CUE2560-0950,token,c0950_token_150
CUE2560-0951,token,c0951_token_151
CUE2560-0952,token,c0952_token_152
CUE2560-0953,token,c0953_token_153
CUE2560-0954,token,c0954_token_154
CUE2560-0955,token,c0955_token_155
CUE2560-0956,token,c0956_token_156
CUE2560-0957,token,c0957_token_157
CUE2560-0958,token,c0958_token_158
CUE2560-0959,token,c0959_token_159
CUE2560-0960,token,c0960_token_160
CUE2560-0961,drop,c0961_drop_001
CUE2560-0962,drop,c0962_drop_002
CUE2560-0963,drop,c0963_drop_003
CUE2560-0964,drop,c0964_drop_004
CUE2560-0965,drop,c0965_drop_005
CUE2560-0966,drop,c0966_drop_006
CUE2560-0967,drop,c0967_drop_007
CUE2560-0968,drop,c0968_drop_008
CUE2560-0969,drop,c0969_drop_009
CUE2560-0970,drop,c0970_drop_010
CUE2560-0971,drop,c0971_drop_011
CUE2560-0972,drop,c0972_drop_012
CUE2560-0973,drop,c0973_drop_013
CUE2560-0974,drop,c0974_drop_014
CUE2560-0975,drop,c0975_drop_015
CUE2560-0976,drop,c0976_drop_016
CUE2560-0977,drop,c0977_drop_017
CUE2560-0978,drop,c0978_drop_018
CUE2560-0979,drop,c0979_drop_019
CUE2560-0980,drop,c0980_drop_020
CUE2560-0981,drop,c0981_drop_021
CUE2560-0982,drop,c0982_drop_022
CUE2560-0983,drop,c0983_drop_023
CUE2560-0984,drop,c0984_drop_024
CUE2560-0985,drop,c0985_drop_025
CUE2560-0986,drop,c0986_drop_026
CUE2560-0987,drop,c0987_drop_027
CUE2560-0988,drop,c0988_drop_028
CUE2560-0989,drop,c0989_drop_029
CUE2560-0990,drop,c0990_drop_030
CUE2560-0991,drop,c0991_drop_031
CUE2560-0992,drop,c0992_drop_032
CUE2560-0993,drop,c0993_drop_033
CUE2560-0994,drop,c0994_drop_034
CUE2560-0995,drop,c0995_drop_035
CUE2560-0996,drop,c0996_drop_036
CUE2560-0997,drop,c0997_drop_037
CUE2560-0998,drop,c0998_drop_038
CUE2560-0999,drop,c0999_drop_039
CUE2560-1000,drop,c1000_drop_040
CUE2560-1001,drop,c1001_drop_041
CUE2560-1002,drop,c1002_drop_042
CUE2560-1003,drop,c1003_drop_043
CUE2560-1004,drop,c1004_drop_044
CUE2560-1005,drop,c1005_drop_045
CUE2560-1006,drop,c1006_drop_046
CUE2560-1007,drop,c1007_drop_047
CUE2560-1008,drop,c1008_drop_048
CUE2560-1009,drop,c1009_drop_049
CUE2560-1010,drop,c1010_drop_050
CUE2560-1011,drop,c1011_drop_051
CUE2560-1012,drop,c1012_drop_052
CUE2560-1013,drop,c1013_drop_053
CUE2560-1014,drop,c1014_drop_054
CUE2560-1015,drop,c1015_drop_055
CUE2560-1016,drop,c1016_drop_056
CUE2560-1017,drop,c1017_drop_057
CUE2560-1018,drop,c1018_drop_058
CUE2560-1019,drop,c1019_drop_059
CUE2560-1020,drop,c1020_drop_060
CUE2560-1021,drop,c1021_drop_061
CUE2560-1022,drop,c1022_drop_062
CUE2560-1023,drop,c1023_drop_063
CUE2560-1024,drop,c1024_drop_064
CUE2560-1025,drop,c1025_drop_065
CUE2560-1026,drop,c1026_drop_066
CUE2560-1027,drop,c1027_drop_067
CUE2560-1028,drop,c1028_drop_068
CUE2560-1029,drop,c1029_drop_069
CUE2560-1030,drop,c1030_drop_070
CUE2560-1031,drop,c1031_drop_071
CUE2560-1032,drop,c1032_drop_072
CUE2560-1033,drop,c1033_drop_073
CUE2560-1034,drop,c1034_drop_074
CUE2560-1035,drop,c1035_drop_075
CUE2560-1036,drop,c1036_drop_076
CUE2560-1037,drop,c1037_drop_077
CUE2560-1038,drop,c1038_drop_078
CUE2560-1039,drop,c1039_drop_079
CUE2560-1040,drop,c1040_drop_080
CUE2560-1041,drop,c1041_drop_081
CUE2560-1042,drop,c1042_drop_082
CUE2560-1043,drop,c1043_drop_083
CUE2560-1044,drop,c1044_drop_084
CUE2560-1045,drop,c1045_drop_085
CUE2560-1046,drop,c1046_drop_086
CUE2560-1047,drop,c1047_drop_087
CUE2560-1048,drop,c1048_drop_088
CUE2560-1049,drop,c1049_drop_089
CUE2560-1050,drop,c1050_drop_090
CUE2560-1051,drop,c1051_drop_091
CUE2560-1052,drop,c1052_drop_092
CUE2560-1053,drop,c1053_drop_093
CUE2560-1054,drop,c1054_drop_094
CUE2560-1055,drop,c1055_drop_095
CUE2560-1056,drop,c1056_drop_096
CUE2560-1057,drop,c1057_drop_097
CUE2560-1058,drop,c1058_drop_098
CUE2560-1059,drop,c1059_drop_099
CUE2560-1060,drop,c1060_drop_100
CUE2560-1061,drop,c1061_drop_101
CUE2560-1062,drop,c1062_drop_102
CUE2560-1063,drop,c1063_drop_103
CUE2560-1064,drop,c1064_drop_104
CUE2560-1065,drop,c1065_drop_105
CUE2560-1066,drop,c1066_drop_106
CUE2560-1067,drop,c1067_drop_107
CUE2560-1068,drop,c1068_drop_108
CUE2560-1069,drop,c1069_drop_109
CUE2560-1070,drop,c1070_drop_110
CUE2560-1071,drop,c1071_drop_111
CUE2560-1072,drop,c1072_drop_112
CUE2560-1073,drop,c1073_drop_113
CUE2560-1074,drop,c1074_drop_114
CUE2560-1075,drop,c1075_drop_115
CUE2560-1076,drop,c1076_drop_116
CUE2560-1077,drop,c1077_drop_117
CUE2560-1078,drop,c1078_drop_118
CUE2560-1079,drop,c1079_drop_119
CUE2560-1080,drop,c1080_drop_120
CUE2560-1081,drop,c1081_drop_121
CUE2560-1082,drop,c1082_drop_122
CUE2560-1083,drop,c1083_drop_123
CUE2560-1084,drop,c1084_drop_124
CUE2560-1085,drop,c1085_drop_125
CUE2560-1086,drop,c1086_drop_126
CUE2560-1087,drop,c1087_drop_127
CUE2560-1088,drop,c1088_drop_128
CUE2560-1089,drop,c1089_drop_129
CUE2560-1090,drop,c1090_drop_130
CUE2560-1091,drop,c1091_drop_131
CUE2560-1092,drop,c1092_drop_132
CUE2560-1093,drop,c1093_drop_133
CUE2560-1094,drop,c1094_drop_134
CUE2560-1095,drop,c1095_drop_135
CUE2560-1096,drop,c1096_drop_136
CUE2560-1097,drop,c1097_drop_137
CUE2560-1098,drop,c1098_drop_138
CUE2560-1099,drop,c1099_drop_139
CUE2560-1100,drop,c1100_drop_140
CUE2560-1101,drop,c1101_drop_141
CUE2560-1102,drop,c1102_drop_142
CUE2560-1103,drop,c1103_drop_143
CUE2560-1104,drop,c1104_drop_144
CUE2560-1105,drop,c1105_drop_145
CUE2560-1106,drop,c1106_drop_146
CUE2560-1107,drop,c1107_drop_147
CUE2560-1108,drop,c1108_drop_148
CUE2560-1109,drop,c1109_drop_149
CUE2560-1110,drop,c1110_drop_150
CUE2560-1111,drop,c1111_drop_151
CUE2560-1112,drop,c1112_drop_152
CUE2560-1113,drop,c1113_drop_153
CUE2560-1114,drop,c1114_drop_154
CUE2560-1115,drop,c1115_drop_155
CUE2560-1116,drop,c1116_drop_156
CUE2560-1117,drop,c1117_drop_157
CUE2560-1118,drop,c1118_drop_158
CUE2560-1119,drop,c1119_drop_159
CUE2560-1120,drop,c1120_drop_160
CUE2560-1121,axis,c1121_axis_001
CUE2560-1122,axis,c1122_axis_002
CUE2560-1123,axis,c1123_axis_003
CUE2560-1124,axis,c1124_axis_004
CUE2560-1125,axis,c1125_axis_005
CUE2560-1126,axis,c1126_axis_006
CUE2560-1127,axis,c1127_axis_007
CUE2560-1128,axis,c1128_axis_008
CUE2560-1129,axis,c1129_axis_009
CUE2560-1130,axis,c1130_axis_010
CUE2560-1131,axis,c1131_axis_011
CUE2560-1132,axis,c1132_axis_012
CUE2560-1133,axis,c1133_axis_013
CUE2560-1134,axis,c1134_axis_014
CUE2560-1135,axis,c1135_axis_015
CUE2560-1136,axis,c1136_axis_016
CUE2560-1137,axis,c1137_axis_017
CUE2560-1138,axis,c1138_axis_018
CUE2560-1139,axis,c1139_axis_019
CUE2560-1140,axis,c1140_axis_020
CUE2560-1141,axis,c1141_axis_021
CUE2560-1142,axis,c1142_axis_022
CUE2560-1143,axis,c1143_axis_023
CUE2560-1144,axis,c1144_axis_024
CUE2560-1145,axis,c1145_axis_025
CUE2560-1146,axis,c1146_axis_026
CUE2560-1147,axis,c1147_axis_027
CUE2560-1148,axis,c1148_axis_028
CUE2560-1149,axis,c1149_axis_029
CUE2560-1150,axis,c1150_axis_030
CUE2560-1151,axis,c1151_axis_031
CUE2560-1152,axis,c1152_axis_032
CUE2560-1153,axis,c1153_axis_033
CUE2560-1154,axis,c1154_axis_034
CUE2560-1155,axis,c1155_axis_035
CUE2560-1156,axis,c1156_axis_036
CUE2560-1157,axis,c1157_axis_037
CUE2560-1158,axis,c1158_axis_038
CUE2560-1159,axis,c1159_axis_039
CUE2560-1160,axis,c1160_axis_040
CUE2560-1161,axis,c1161_axis_041
CUE2560-1162,axis,c1162_axis_042
CUE2560-1163,axis,c1163_axis_043
CUE2560-1164,axis,c1164_axis_044
CUE2560-1165,axis,c1165_axis_045
CUE2560-1166,axis,c1166_axis_046
CUE2560-1167,axis,c1167_axis_047
CUE2560-1168,axis,c1168_axis_048
CUE2560-1169,axis,c1169_axis_049
CUE2560-1170,axis,c1170_axis_050
CUE2560-1171,axis,c1171_axis_051
CUE2560-1172,axis,c1172_axis_052
CUE2560-1173,axis,c1173_axis_053
CUE2560-1174,axis,c1174_axis_054
CUE2560-1175,axis,c1175_axis_055
CUE2560-1176,axis,c1176_axis_056
CUE2560-1177,axis,c1177_axis_057
CUE2560-1178,axis,c1178_axis_058
CUE2560-1179,axis,c1179_axis_059
CUE2560-1180,axis,c1180_axis_060
CUE2560-1181,axis,c1181_axis_061
CUE2560-1182,axis,c1182_axis_062
CUE2560-1183,axis,c1183_axis_063
CUE2560-1184,axis,c1184_axis_064
CUE2560-1185,axis,c1185_axis_065
CUE2560-1186,axis,c1186_axis_066
CUE2560-1187,axis,c1187_axis_067
CUE2560-1188,axis,c1188_axis_068
CUE2560-1189,axis,c1189_axis_069
CUE2560-1190,axis,c1190_axis_070
CUE2560-1191,axis,c1191_axis_071
CUE2560-1192,axis,c1192_axis_072
CUE2560-1193,axis,c1193_axis_073
CUE2560-1194,axis,c1194_axis_074
CUE2560-1195,axis,c1195_axis_075
CUE2560-1196,axis,c1196_axis_076
CUE2560-1197,axis,c1197_axis_077
CUE2560-1198,axis,c1198_axis_078
CUE2560-1199,axis,c1199_axis_079
CUE2560-1200,axis,c1200_axis_080
CUE2560-1201,axis,c1201_axis_081
CUE2560-1202,axis,c1202_axis_082
CUE2560-1203,axis,c1203_axis_083
CUE2560-1204,axis,c1204_axis_084
CUE2560-1205,axis,c1205_axis_085
CUE2560-1206,axis,c1206_axis_086
CUE2560-1207,axis,c1207_axis_087
CUE2560-1208,axis,c1208_axis_088
CUE2560-1209,axis,c1209_axis_089
CUE2560-1210,axis,c1210_axis_090
CUE2560-1211,axis,c1211_axis_091
CUE2560-1212,axis,c1212_axis_092
CUE2560-1213,axis,c1213_axis_093
CUE2560-1214,axis,c1214_axis_094
CUE2560-1215,axis,c1215_axis_095
CUE2560-1216,axis,c1216_axis_096
CUE2560-1217,axis,c1217_axis_097
CUE2560-1218,axis,c1218_axis_098
CUE2560-1219,axis,c1219_axis_099
CUE2560-1220,axis,c1220_axis_100
CUE2560-1221,axis,c1221_axis_101
CUE2560-1222,axis,c1222_axis_102
CUE2560-1223,axis,c1223_axis_103
CUE2560-1224,axis,c1224_axis_104
CUE2560-1225,axis,c1225_axis_105
CUE2560-1226,axis,c1226_axis_106
CUE2560-1227,axis,c1227_axis_107
CUE2560-1228,axis,c1228_axis_108
CUE2560-1229,axis,c1229_axis_109
CUE2560-1230,axis,c1230_axis_110
CUE2560-1231,axis,c1231_axis_111
CUE2560-1232,axis,c1232_axis_112
CUE2560-1233,axis,c1233_axis_113
CUE2560-1234,axis,c1234_axis_114
CUE2560-1235,axis,c1235_axis_115
CUE2560-1236,axis,c1236_axis_116
CUE2560-1237,axis,c1237_axis_117
CUE2560-1238,axis,c1238_axis_118
CUE2560-1239,axis,c1239_axis_119
CUE2560-1240,axis,c1240_axis_120
CUE2560-1241,axis,c1241_axis_121
CUE2560-1242,axis,c1242_axis_122
CUE2560-1243,axis,c1243_axis_123
CUE2560-1244,axis,c1244_axis_124
CUE2560-1245,axis,c1245_axis_125
CUE2560-1246,axis,c1246_axis_126
CUE2560-1247,axis,c1247_axis_127
CUE2560-1248,axis,c1248_axis_128
CUE2560-1249,axis,c1249_axis_129
CUE2560-1250,axis,c1250_axis_130
CUE2560-1251,axis,c1251_axis_131
CUE2560-1252,axis,c1252_axis_132
CUE2560-1253,axis,c1253_axis_133
CUE2560-1254,axis,c1254_axis_134
CUE2560-1255,axis,c1255_axis_135
CUE2560-1256,axis,c1256_axis_136
CUE2560-1257,axis,c1257_axis_137
CUE2560-1258,axis,c1258_axis_138
CUE2560-1259,axis,c1259_axis_139
CUE2560-1260,axis,c1260_axis_140
CUE2560-1261,axis,c1261_axis_141
CUE2560-1262,axis,c1262_axis_142
CUE2560-1263,axis,c1263_axis_143
CUE2560-1264,axis,c1264_axis_144
CUE2560-1265,axis,c1265_axis_145
CUE2560-1266,axis,c1266_axis_146
CUE2560-1267,axis,c1267_axis_147
CUE2560-1268,axis,c1268_axis_148
CUE2560-1269,axis,c1269_axis_149
CUE2560-1270,axis,c1270_axis_150
CUE2560-1271,axis,c1271_axis_151
CUE2560-1272,axis,c1272_axis_152
CUE2560-1273,axis,c1273_axis_153
CUE2560-1274,axis,c1274_axis_154
CUE2560-1275,axis,c1275_axis_155
CUE2560-1276,axis,c1276_axis_156
CUE2560-1277,axis,c1277_axis_157
CUE2560-1278,axis,c1278_axis_158
CUE2560-1279,axis,c1279_axis_159
CUE2560-1280,axis,c1280_axis_160
CUE2560-1281,witness,c1281_witness_001
CUE2560-1282,witness,c1282_witness_002
CUE2560-1283,witness,c1283_witness_003
CUE2560-1284,witness,c1284_witness_004
CUE2560-1285,witness,c1285_witness_005
CUE2560-1286,witness,c1286_witness_006
CUE2560-1287,witness,c1287_witness_007
CUE2560-1288,witness,c1288_witness_008
CUE2560-1289,witness,c1289_witness_009
CUE2560-1290,witness,c1290_witness_010
CUE2560-1291,witness,c1291_witness_011
CUE2560-1292,witness,c1292_witness_012
CUE2560-1293,witness,c1293_witness_013
CUE2560-1294,witness,c1294_witness_014
CUE2560-1295,witness,c1295_witness_015
CUE2560-1296,witness,c1296_witness_016
CUE2560-1297,witness,c1297_witness_017
CUE2560-1298,witness,c1298_witness_018
CUE2560-1299,witness,c1299_witness_019
CUE2560-1300,witness,c1300_witness_020
CUE2560-1301,witness,c1301_witness_021
CUE2560-1302,witness,c1302_witness_022
CUE2560-1303,witness,c1303_witness_023
CUE2560-1304,witness,c1304_witness_024
CUE2560-1305,witness,c1305_witness_025
CUE2560-1306,witness,c1306_witness_026
CUE2560-1307,witness,c1307_witness_027
CUE2560-1308,witness,c1308_witness_028
CUE2560-1309,witness,c1309_witness_029
CUE2560-1310,witness,c1310_witness_030
CUE2560-1311,witness,c1311_witness_031
CUE2560-1312,witness,c1312_witness_032
CUE2560-1313,witness,c1313_witness_033
CUE2560-1314,witness,c1314_witness_034
CUE2560-1315,witness,c1315_witness_035
CUE2560-1316,witness,c1316_witness_036
CUE2560-1317,witness,c1317_witness_037
CUE2560-1318,witness,c1318_witness_038
CUE2560-1319,witness,c1319_witness_039
CUE2560-1320,witness,c1320_witness_040
CUE2560-1321,witness,c1321_witness_041
CUE2560-1322,witness,c1322_witness_042
CUE2560-1323,witness,c1323_witness_043
CUE2560-1324,witness,c1324_witness_044
CUE2560-1325,witness,c1325_witness_045
CUE2560-1326,witness,c1326_witness_046
CUE2560-1327,witness,c1327_witness_047
CUE2560-1328,witness,c1328_witness_048
CUE2560-1329,witness,c1329_witness_049
CUE2560-1330,witness,c1330_witness_050
CUE2560-1331,witness,c1331_witness_051
CUE2560-1332,witness,c1332_witness_052
CUE2560-1333,witness,c1333_witness_053
CUE2560-1334,witness,c1334_witness_054
CUE2560-1335,witness,c1335_witness_055
CUE2560-1336,witness,c1336_witness_056
CUE2560-1337,witness,c1337_witness_057
CUE2560-1338,witness,c1338_witness_058
CUE2560-1339,witness,c1339_witness_059
CUE2560-1340,witness,c1340_witness_060
CUE2560-1341,witness,c1341_witness_061
CUE2560-1342,witness,c1342_witness_062
CUE2560-1343,witness,c1343_witness_063
CUE2560-1344,witness,c1344_witness_064
CUE2560-1345,witness,c1345_witness_065
CUE2560-1346,witness,c1346_witness_066
CUE2560-1347,witness,c1347_witness_067
CUE2560-1348,witness,c1348_witness_068
CUE2560-1349,witness,c1349_witness_069
CUE2560-1350,witness,c1350_witness_070
CUE2560-1351,witness,c1351_witness_071
CUE2560-1352,witness,c1352_witness_072
CUE2560-1353,witness,c1353_witness_073
CUE2560-1354,witness,c1354_witness_074
CUE2560-1355,witness,c1355_witness_075
CUE2560-1356,witness,c1356_witness_076
CUE2560-1357,witness,c1357_witness_077
CUE2560-1358,witness,c1358_witness_078
CUE2560-1359,witness,c1359_witness_079
CUE2560-1360,witness,c1360_witness_080
CUE2560-1361,witness,c1361_witness_081
CUE2560-1362,witness,c1362_witness_082
CUE2560-1363,witness,c1363_witness_083
CUE2560-1364,witness,c1364_witness_084
CUE2560-1365,witness,c1365_witness_085
CUE2560-1366,witness,c1366_witness_086
CUE2560-1367,witness,c1367_witness_087
CUE2560-1368,witness,c1368_witness_088
CUE2560-1369,witness,c1369_witness_089
CUE2560-1370,witness,c1370_witness_090
CUE2560-1371,witness,c1371_witness_091
CUE2560-1372,witness,c1372_witness_092
CUE2560-1373,witness,c1373_witness_093
CUE2560-1374,witness,c1374_witness_094
CUE2560-1375,witness,c1375_witness_095
CUE2560-1376,witness,c1376_witness_096
CUE2560-1377,witness,c1377_witness_097
CUE2560-1378,witness,c1378_witness_098
CUE2560-1379,witness,c1379_witness_099
CUE2560-1380,witness,c1380_witness_100
CUE2560-1381,witness,c1381_witness_101
CUE2560-1382,witness,c1382_witness_102
CUE2560-1383,witness,c1383_witness_103
CUE2560-1384,witness,c1384_witness_104
CUE2560-1385,witness,c1385_witness_105
CUE2560-1386,witness,c1386_witness_106
CUE2560-1387,witness,c1387_witness_107
CUE2560-1388,witness,c1388_witness_108
CUE2560-1389,witness,c1389_witness_109
CUE2560-1390,witness,c1390_witness_110
CUE2560-1391,witness,c1391_witness_111
CUE2560-1392,witness,c1392_witness_112
CUE2560-1393,witness,c1393_witness_113
CUE2560-1394,witness,c1394_witness_114
CUE2560-1395,witness,c1395_witness_115
CUE2560-1396,witness,c1396_witness_116
CUE2560-1397,witness,c1397_witness_117
CUE2560-1398,witness,c1398_witness_118
CUE2560-1399,witness,c1399_witness_119
CUE2560-1400,witness,c1400_witness_120
CUE2560-1401,witness,c1401_witness_121
CUE2560-1402,witness,c1402_witness_122
CUE2560-1403,witness,c1403_witness_123
CUE2560-1404,witness,c1404_witness_124
CUE2560-1405,witness,c1405_witness_125
CUE2560-1406,witness,c1406_witness_126
CUE2560-1407,witness,c1407_witness_127
CUE2560-1408,witness,c1408_witness_128
CUE2560-1409,witness,c1409_witness_129
CUE2560-1410,witness,c1410_witness_130
CUE2560-1411,witness,c1411_witness_131
CUE2560-1412,witness,c1412_witness_132
CUE2560-1413,witness,c1413_witness_133
CUE2560-1414,witness,c1414_witness_134
CUE2560-1415,witness,c1415_witness_135
CUE2560-1416,witness,c1416_witness_136
CUE2560-1417,witness,c1417_witness_137
CUE2560-1418,witness,c1418_witness_138
CUE2560-1419,witness,c1419_witness_139
CUE2560-1420,witness,c1420_witness_140
CUE2560-1421,witness,c1421_witness_141
CUE2560-1422,witness,c1422_witness_142
CUE2560-1423,witness,c1423_witness_143
CUE2560-1424,witness,c1424_witness_144
CUE2560-1425,witness,c1425_witness_145
CUE2560-1426,witness,c1426_witness_146
CUE2560-1427,witness,c1427_witness_147
CUE2560-1428,witness,c1428_witness_148
CUE2560-1429,witness,c1429_witness_149
CUE2560-1430,witness,c1430_witness_150
CUE2560-1431,witness,c1431_witness_151
CUE2560-1432,witness,c1432_witness_152
CUE2560-1433,witness,c1433_witness_153
CUE2560-1434,witness,c1434_witness_154
CUE2560-1435,witness,c1435_witness_155
CUE2560-1436,witness,c1436_witness_156
CUE2560-1437,witness,c1437_witness_157
CUE2560-1438,witness,c1438_witness_158
CUE2560-1439,witness,c1439_witness_159
CUE2560-1440,witness,c1440_witness_160
CUE2560-1441,replay,c1441_replay_001
CUE2560-1442,replay,c1442_replay_002
CUE2560-1443,replay,c1443_replay_003
CUE2560-1444,replay,c1444_replay_004
CUE2560-1445,replay,c1445_replay_005
CUE2560-1446,replay,c1446_replay_006
CUE2560-1447,replay,c1447_replay_007
CUE2560-1448,replay,c1448_replay_008
CUE2560-1449,replay,c1449_replay_009
CUE2560-1450,replay,c1450_replay_010
CUE2560-1451,replay,c1451_replay_011
CUE2560-1452,replay,c1452_replay_012
CUE2560-1453,replay,c1453_replay_013
CUE2560-1454,replay,c1454_replay_014
CUE2560-1455,replay,c1455_replay_015
CUE2560-1456,replay,c1456_replay_016
CUE2560-1457,replay,c1457_replay_017
CUE2560-1458,replay,c1458_replay_018
CUE2560-1459,replay,c1459_replay_019
CUE2560-1460,replay,c1460_replay_020
CUE2560-1461,replay,c1461_replay_021
CUE2560-1462,replay,c1462_replay_022
CUE2560-1463,replay,c1463_replay_023
CUE2560-1464,replay,c1464_replay_024
CUE2560-1465,replay,c1465_replay_025
CUE2560-1466,replay,c1466_replay_026
CUE2560-1467,replay,c1467_replay_027
CUE2560-1468,replay,c1468_replay_028
CUE2560-1469,replay,c1469_replay_029
CUE2560-1470,replay,c1470_replay_030
CUE2560-1471,replay,c1471_replay_031
CUE2560-1472,replay,c1472_replay_032
CUE2560-1473,replay,c1473_replay_033
CUE2560-1474,replay,c1474_replay_034
CUE2560-1475,replay,c1475_replay_035
CUE2560-1476,replay,c1476_replay_036
CUE2560-1477,replay,c1477_replay_037
CUE2560-1478,replay,c1478_replay_038
CUE2560-1479,replay,c1479_replay_039
CUE2560-1480,replay,c1480_replay_040
CUE2560-1481,replay,c1481_replay_041
CUE2560-1482,replay,c1482_replay_042
CUE2560-1483,replay,c1483_replay_043
CUE2560-1484,replay,c1484_replay_044
CUE2560-1485,replay,c1485_replay_045
CUE2560-1486,replay,c1486_replay_046
CUE2560-1487,replay,c1487_replay_047
CUE2560-1488,replay,c1488_replay_048
CUE2560-1489,replay,c1489_replay_049
CUE2560-1490,replay,c1490_replay_050
CUE2560-1491,replay,c1491_replay_051
CUE2560-1492,replay,c1492_replay_052
CUE2560-1493,replay,c1493_replay_053
CUE2560-1494,replay,c1494_replay_054
CUE2560-1495,replay,c1495_replay_055
CUE2560-1496,replay,c1496_replay_056
CUE2560-1497,replay,c1497_replay_057
CUE2560-1498,replay,c1498_replay_058
CUE2560-1499,replay,c1499_replay_059
CUE2560-1500,replay,c1500_replay_060
CUE2560-1501,replay,c1501_replay_061
CUE2560-1502,replay,c1502_replay_062
CUE2560-1503,replay,c1503_replay_063
CUE2560-1504,replay,c1504_replay_064
CUE2560-1505,replay,c1505_replay_065
CUE2560-1506,replay,c1506_replay_066
CUE2560-1507,replay,c1507_replay_067
CUE2560-1508,replay,c1508_replay_068
CUE2560-1509,replay,c1509_replay_069
CUE2560-1510,replay,c1510_replay_070
CUE2560-1511,replay,c1511_replay_071
CUE2560-1512,replay,c1512_replay_072
CUE2560-1513,replay,c1513_replay_073
CUE2560-1514,replay,c1514_replay_074
CUE2560-1515,replay,c1515_replay_075
CUE2560-1516,replay,c1516_replay_076
CUE2560-1517,replay,c1517_replay_077
CUE2560-1518,replay,c1518_replay_078
CUE2560-1519,replay,c1519_replay_079
CUE2560-1520,replay,c1520_replay_080
CUE2560-1521,replay,c1521_replay_081
CUE2560-1522,replay,c1522_replay_082
CUE2560-1523,replay,c1523_replay_083
CUE2560-1524,replay,c1524_replay_084
CUE2560-1525,replay,c1525_replay_085
CUE2560-1526,replay,c1526_replay_086
CUE2560-1527,replay,c1527_replay_087
CUE2560-1528,replay,c1528_replay_088
CUE2560-1529,replay,c1529_replay_089
CUE2560-1530,replay,c1530_replay_090
CUE2560-1531,replay,c1531_replay_091
CUE2560-1532,replay,c1532_replay_092
CUE2560-1533,replay,c1533_replay_093
CUE2560-1534,replay,c1534_replay_094
CUE2560-1535,replay,c1535_replay_095
CUE2560-1536,replay,c1536_replay_096
CUE2560-1537,replay,c1537_replay_097
CUE2560-1538,replay,c1538_replay_098
CUE2560-1539,replay,c1539_replay_099
CUE2560-1540,replay,c1540_replay_100
CUE2560-1541,replay,c1541_replay_101
CUE2560-1542,replay,c1542_replay_102
CUE2560-1543,replay,c1543_replay_103
CUE2560-1544,replay,c1544_replay_104
CUE2560-1545,replay,c1545_replay_105
CUE2560-1546,replay,c1546_replay_106
CUE2560-1547,replay,c1547_replay_107
CUE2560-1548,replay,c1548_replay_108
CUE2560-1549,replay,c1549_replay_109
CUE2560-1550,replay,c1550_replay_110
CUE2560-1551,replay,c1551_replay_111
CUE2560-1552,replay,c1552_replay_112
CUE2560-1553,replay,c1553_replay_113
CUE2560-1554,replay,c1554_replay_114
CUE2560-1555,replay,c1555_replay_115
CUE2560-1556,replay,c1556_replay_116
CUE2560-1557,replay,c1557_replay_117
CUE2560-1558,replay,c1558_replay_118
CUE2560-1559,replay,c1559_replay_119
CUE2560-1560,replay,c1560_replay_120
CUE2560-1561,replay,c1561_replay_121
CUE2560-1562,replay,c1562_replay_122
CUE2560-1563,replay,c1563_replay_123
CUE2560-1564,replay,c1564_replay_124
CUE2560-1565,replay,c1565_replay_125
CUE2560-1566,replay,c1566_replay_126
CUE2560-1567,replay,c1567_replay_127
CUE2560-1568,replay,c1568_replay_128
CUE2560-1569,replay,c1569_replay_129
CUE2560-1570,replay,c1570_replay_130
CUE2560-1571,replay,c1571_replay_131
CUE2560-1572,replay,c1572_replay_132
CUE2560-1573,replay,c1573_replay_133
CUE2560-1574,replay,c1574_replay_134
CUE2560-1575,replay,c1575_replay_135
CUE2560-1576,replay,c1576_replay_136
CUE2560-1577,replay,c1577_replay_137
CUE2560-1578,replay,c1578_replay_138
CUE2560-1579,replay,c1579_replay_139
CUE2560-1580,replay,c1580_replay_140
CUE2560-1581,replay,c1581_replay_141
CUE2560-1582,replay,c1582_replay_142
CUE2560-1583,replay,c1583_replay_143
CUE2560-1584,replay,c1584_replay_144
CUE2560-1585,replay,c1585_replay_145
CUE2560-1586,replay,c1586_replay_146
CUE2560-1587,replay,c1587_replay_147
CUE2560-1588,replay,c1588_replay_148
CUE2560-1589,replay,c1589_replay_149
CUE2560-1590,replay,c1590_replay_150
CUE2560-1591,replay,c1591_replay_151
CUE2560-1592,replay,c1592_replay_152
CUE2560-1593,replay,c1593_replay_153
CUE2560-1594,replay,c1594_replay_154
CUE2560-1595,replay,c1595_replay_155
CUE2560-1596,replay,c1596_replay_156
CUE2560-1597,replay,c1597_replay_157
CUE2560-1598,replay,c1598_replay_158
CUE2560-1599,replay,c1599_replay_159
CUE2560-1600,replay,c1600_replay_160
CUE2560-1601,heat,c1601_heat_001
CUE2560-1602,heat,c1602_heat_002
CUE2560-1603,heat,c1603_heat_003
CUE2560-1604,heat,c1604_heat_004
CUE2560-1605,heat,c1605_heat_005
CUE2560-1606,heat,c1606_heat_006
CUE2560-1607,heat,c1607_heat_007
CUE2560-1608,heat,c1608_heat_008
CUE2560-1609,heat,c1609_heat_009
CUE2560-1610,heat,c1610_heat_010
CUE2560-1611,heat,c1611_heat_011
CUE2560-1612,heat,c1612_heat_012
CUE2560-1613,heat,c1613_heat_013
CUE2560-1614,heat,c1614_heat_014
CUE2560-1615,heat,c1615_heat_015
CUE2560-1616,heat,c1616_heat_016
CUE2560-1617,heat,c1617_heat_017
CUE2560-1618,heat,c1618_heat_018
CUE2560-1619,heat,c1619_heat_019
CUE2560-1620,heat,c1620_heat_020
CUE2560-1621,heat,c1621_heat_021
CUE2560-1622,heat,c1622_heat_022
CUE2560-1623,heat,c1623_heat_023
CUE2560-1624,heat,c1624_heat_024
CUE2560-1625,heat,c1625_heat_025
CUE2560-1626,heat,c1626_heat_026
CUE2560-1627,heat,c1627_heat_027
CUE2560-1628,heat,c1628_heat_028
CUE2560-1629,heat,c1629_heat_029
CUE2560-1630,heat,c1630_heat_030
CUE2560-1631,heat,c1631_heat_031
CUE2560-1632,heat,c1632_heat_032
CUE2560-1633,heat,c1633_heat_033
CUE2560-1634,heat,c1634_heat_034
CUE2560-1635,heat,c1635_heat_035
CUE2560-1636,heat,c1636_heat_036
CUE2560-1637,heat,c1637_heat_037
CUE2560-1638,heat,c1638_heat_038
CUE2560-1639,heat,c1639_heat_039
CUE2560-1640,heat,c1640_heat_040
CUE2560-1641,heat,c1641_heat_041
CUE2560-1642,heat,c1642_heat_042
CUE2560-1643,heat,c1643_heat_043
CUE2560-1644,heat,c1644_heat_044
CUE2560-1645,heat,c1645_heat_045
CUE2560-1646,heat,c1646_heat_046
CUE2560-1647,heat,c1647_heat_047
CUE2560-1648,heat,c1648_heat_048
CUE2560-1649,heat,c1649_heat_049
CUE2560-1650,heat,c1650_heat_050
CUE2560-1651,heat,c1651_heat_051
CUE2560-1652,heat,c1652_heat_052
CUE2560-1653,heat,c1653_heat_053
CUE2560-1654,heat,c1654_heat_054
CUE2560-1655,heat,c1655_heat_055
CUE2560-1656,heat,c1656_heat_056
CUE2560-1657,heat,c1657_heat_057
CUE2560-1658,heat,c1658_heat_058
CUE2560-1659,heat,c1659_heat_059
CUE2560-1660,heat,c1660_heat_060
CUE2560-1661,heat,c1661_heat_061
CUE2560-1662,heat,c1662_heat_062
CUE2560-1663,heat,c1663_heat_063
CUE2560-1664,heat,c1664_heat_064
CUE2560-1665,heat,c1665_heat_065
CUE2560-1666,heat,c1666_heat_066
CUE2560-1667,heat,c1667_heat_067
CUE2560-1668,heat,c1668_heat_068
CUE2560-1669,heat,c1669_heat_069
CUE2560-1670,heat,c1670_heat_070
CUE2560-1671,heat,c1671_heat_071
CUE2560-1672,heat,c1672_heat_072
CUE2560-1673,heat,c1673_heat_073
CUE2560-1674,heat,c1674_heat_074
CUE2560-1675,heat,c1675_heat_075
CUE2560-1676,heat,c1676_heat_076
CUE2560-1677,heat,c1677_heat_077
CUE2560-1678,heat,c1678_heat_078
CUE2560-1679,heat,c1679_heat_079
CUE2560-1680,heat,c1680_heat_080
CUE2560-1681,heat,c1681_heat_081
CUE2560-1682,heat,c1682_heat_082
CUE2560-1683,heat,c1683_heat_083
CUE2560-1684,heat,c1684_heat_084
CUE2560-1685,heat,c1685_heat_085
CUE2560-1686,heat,c1686_heat_086
CUE2560-1687,heat,c1687_heat_087
CUE2560-1688,heat,c1688_heat_088
CUE2560-1689,heat,c1689_heat_089
CUE2560-1690,heat,c1690_heat_090
CUE2560-1691,heat,c1691_heat_091
CUE2560-1692,heat,c1692_heat_092
CUE2560-1693,heat,c1693_heat_093
CUE2560-1694,heat,c1694_heat_094
CUE2560-1695,heat,c1695_heat_095
CUE2560-1696,heat,c1696_heat_096
CUE2560-1697,heat,c1697_heat_097
CUE2560-1698,heat,c1698_heat_098
CUE2560-1699,heat,c1699_heat_099
CUE2560-1700,heat,c1700_heat_100
CUE2560-1701,heat,c1701_heat_101
CUE2560-1702,heat,c1702_heat_102
CUE2560-1703,heat,c1703_heat_103
CUE2560-1704,heat,c1704_heat_104
CUE2560-1705,heat,c1705_heat_105
CUE2560-1706,heat,c1706_heat_106
CUE2560-1707,heat,c1707_heat_107
CUE2560-1708,heat,c1708_heat_108
CUE2560-1709,heat,c1709_heat_109
CUE2560-1710,heat,c1710_heat_110
CUE2560-1711,heat,c1711_heat_111
CUE2560-1712,heat,c1712_heat_112
CUE2560-1713,heat,c1713_heat_113
CUE2560-1714,heat,c1714_heat_114
CUE2560-1715,heat,c1715_heat_115
CUE2560-1716,heat,c1716_heat_116
CUE2560-1717,heat,c1717_heat_117
CUE2560-1718,heat,c1718_heat_118
CUE2560-1719,heat,c1719_heat_119
CUE2560-1720,heat,c1720_heat_120
CUE2560-1721,heat,c1721_heat_121
CUE2560-1722,heat,c1722_heat_122
CUE2560-1723,heat,c1723_heat_123
CUE2560-1724,heat,c1724_heat_124
CUE2560-1725,heat,c1725_heat_125
CUE2560-1726,heat,c1726_heat_126
CUE2560-1727,heat,c1727_heat_127
CUE2560-1728,heat,c1728_heat_128
CUE2560-1729,heat,c1729_heat_129
CUE2560-1730,heat,c1730_heat_130
CUE2560-1731,heat,c1731_heat_131
CUE2560-1732,heat,c1732_heat_132
CUE2560-1733,heat,c1733_heat_133
CUE2560-1734,heat,c1734_heat_134
CUE2560-1735,heat,c1735_heat_135
CUE2560-1736,heat,c1736_heat_136
CUE2560-1737,heat,c1737_heat_137
CUE2560-1738,heat,c1738_heat_138
CUE2560-1739,heat,c1739_heat_139
CUE2560-1740,heat,c1740_heat_140
CUE2560-1741,heat,c1741_heat_141
CUE2560-1742,heat,c1742_heat_142
CUE2560-1743,heat,c1743_heat_143
CUE2560-1744,heat,c1744_heat_144
CUE2560-1745,heat,c1745_heat_145
CUE2560-1746,heat,c1746_heat_146
CUE2560-1747,heat,c1747_heat_147
CUE2560-1748,heat,c1748_heat_148
CUE2560-1749,heat,c1749_heat_149
CUE2560-1750,heat,c1750_heat_150
CUE2560-1751,heat,c1751_heat_151
CUE2560-1752,heat,c1752_heat_152
CUE2560-1753,heat,c1753_heat_153
CUE2560-1754,heat,c1754_heat_154
CUE2560-1755,heat,c1755_heat_155
CUE2560-1756,heat,c1756_heat_156
CUE2560-1757,heat,c1757_heat_157
CUE2560-1758,heat,c1758_heat_158
CUE2560-1759,heat,c1759_heat_159
CUE2560-1760,heat,c1760_heat_160
CUE2560-1761,epoch,c1761_epoch_001
CUE2560-1762,epoch,c1762_epoch_002
CUE2560-1763,epoch,c1763_epoch_003
CUE2560-1764,epoch,c1764_epoch_004
CUE2560-1765,epoch,c1765_epoch_005
CUE2560-1766,epoch,c1766_epoch_006
CUE2560-1767,epoch,c1767_epoch_007
CUE2560-1768,epoch,c1768_epoch_008
CUE2560-1769,epoch,c1769_epoch_009
CUE2560-1770,epoch,c1770_epoch_010
CUE2560-1771,epoch,c1771_epoch_011
CUE2560-1772,epoch,c1772_epoch_012
CUE2560-1773,epoch,c1773_epoch_013
CUE2560-1774,epoch,c1774_epoch_014
CUE2560-1775,epoch,c1775_epoch_015
CUE2560-1776,epoch,c1776_epoch_016
CUE2560-1777,epoch,c1777_epoch_017
CUE2560-1778,epoch,c1778_epoch_018
CUE2560-1779,epoch,c1779_epoch_019
CUE2560-1780,epoch,c1780_epoch_020
CUE2560-1781,epoch,c1781_epoch_021
CUE2560-1782,epoch,c1782_epoch_022
CUE2560-1783,epoch,c1783_epoch_023
CUE2560-1784,epoch,c1784_epoch_024
CUE2560-1785,epoch,c1785_epoch_025
CUE2560-1786,epoch,c1786_epoch_026
CUE2560-1787,epoch,c1787_epoch_027
CUE2560-1788,epoch,c1788_epoch_028
CUE2560-1789,epoch,c1789_epoch_029
CUE2560-1790,epoch,c1790_epoch_030
CUE2560-1791,epoch,c1791_epoch_031
CUE2560-1792,epoch,c1792_epoch_032
CUE2560-1793,epoch,c1793_epoch_033
CUE2560-1794,epoch,c1794_epoch_034
CUE2560-1795,epoch,c1795_epoch_035
CUE2560-1796,epoch,c1796_epoch_036
CUE2560-1797,epoch,c1797_epoch_037
CUE2560-1798,epoch,c1798_epoch_038
CUE2560-1799,epoch,c1799_epoch_039
CUE2560-1800,epoch,c1800_epoch_040
CUE2560-1801,epoch,c1801_epoch_041
CUE2560-1802,epoch,c1802_epoch_042
CUE2560-1803,epoch,c1803_epoch_043
CUE2560-1804,epoch,c1804_epoch_044
CUE2560-1805,epoch,c1805_epoch_045
CUE2560-1806,epoch,c1806_epoch_046
CUE2560-1807,epoch,c1807_epoch_047
CUE2560-1808,epoch,c1808_epoch_048
CUE2560-1809,epoch,c1809_epoch_049
CUE2560-1810,epoch,c1810_epoch_050
CUE2560-1811,epoch,c1811_epoch_051
CUE2560-1812,epoch,c1812_epoch_052
CUE2560-1813,epoch,c1813_epoch_053
CUE2560-1814,epoch,c1814_epoch_054
CUE2560-1815,epoch,c1815_epoch_055
CUE2560-1816,epoch,c1816_epoch_056
CUE2560-1817,epoch,c1817_epoch_057
CUE2560-1818,epoch,c1818_epoch_058
CUE2560-1819,epoch,c1819_epoch_059
CUE2560-1820,epoch,c1820_epoch_060
CUE2560-1821,epoch,c1821_epoch_061
CUE2560-1822,epoch,c1822_epoch_062
CUE2560-1823,epoch,c1823_epoch_063
CUE2560-1824,epoch,c1824_epoch_064
CUE2560-1825,epoch,c1825_epoch_065
CUE2560-1826,epoch,c1826_epoch_066
CUE2560-1827,epoch,c1827_epoch_067
CUE2560-1828,epoch,c1828_epoch_068
CUE2560-1829,epoch,c1829_epoch_069
CUE2560-1830,epoch,c1830_epoch_070
CUE2560-1831,epoch,c1831_epoch_071
CUE2560-1832,epoch,c1832_epoch_072
CUE2560-1833,epoch,c1833_epoch_073
CUE2560-1834,epoch,c1834_epoch_074
CUE2560-1835,epoch,c1835_epoch_075
CUE2560-1836,epoch,c1836_epoch_076
CUE2560-1837,epoch,c1837_epoch_077
CUE2560-1838,epoch,c1838_epoch_078
CUE2560-1839,epoch,c1839_epoch_079
CUE2560-1840,epoch,c1840_epoch_080
CUE2560-1841,epoch,c1841_epoch_081
CUE2560-1842,epoch,c1842_epoch_082
CUE2560-1843,epoch,c1843_epoch_083
CUE2560-1844,epoch,c1844_epoch_084
CUE2560-1845,epoch,c1845_epoch_085
CUE2560-1846,epoch,c1846_epoch_086
CUE2560-1847,epoch,c1847_epoch_087
CUE2560-1848,epoch,c1848_epoch_088
CUE2560-1849,epoch,c1849_epoch_089
CUE2560-1850,epoch,c1850_epoch_090
CUE2560-1851,epoch,c1851_epoch_091
CUE2560-1852,epoch,c1852_epoch_092
CUE2560-1853,epoch,c1853_epoch_093
CUE2560-1854,epoch,c1854_epoch_094
CUE2560-1855,epoch,c1855_epoch_095
CUE2560-1856,epoch,c1856_epoch_096
CUE2560-1857,epoch,c1857_epoch_097
CUE2560-1858,epoch,c1858_epoch_098
CUE2560-1859,epoch,c1859_epoch_099
CUE2560-1860,epoch,c1860_epoch_100
CUE2560-1861,epoch,c1861_epoch_101
CUE2560-1862,epoch,c1862_epoch_102
CUE2560-1863,epoch,c1863_epoch_103
CUE2560-1864,epoch,c1864_epoch_104
CUE2560-1865,epoch,c1865_epoch_105
CUE2560-1866,epoch,c1866_epoch_106
CUE2560-1867,epoch,c1867_epoch_107
CUE2560-1868,epoch,c1868_epoch_108
CUE2560-1869,epoch,c1869_epoch_109
CUE2560-1870,epoch,c1870_epoch_110
CUE2560-1871,epoch,c1871_epoch_111
CUE2560-1872,epoch,c1872_epoch_112
CUE2560-1873,epoch,c1873_epoch_113
CUE2560-1874,epoch,c1874_epoch_114
CUE2560-1875,epoch,c1875_epoch_115
CUE2560-1876,epoch,c1876_epoch_116
CUE2560-1877,epoch,c1877_epoch_117
CUE2560-1878,epoch,c1878_epoch_118
CUE2560-1879,epoch,c1879_epoch_119
CUE2560-1880,epoch,c1880_epoch_120
CUE2560-1881,epoch,c1881_epoch_121
CUE2560-1882,epoch,c1882_epoch_122
CUE2560-1883,epoch,c1883_epoch_123
CUE2560-1884,epoch,c1884_epoch_124
CUE2560-1885,epoch,c1885_epoch_125
CUE2560-1886,epoch,c1886_epoch_126
CUE2560-1887,epoch,c1887_epoch_127
CUE2560-1888,epoch,c1888_epoch_128
CUE2560-1889,epoch,c1889_epoch_129
CUE2560-1890,epoch,c1890_epoch_130
CUE2560-1891,epoch,c1891_epoch_131
CUE2560-1892,epoch,c1892_epoch_132
CUE2560-1893,epoch,c1893_epoch_133
CUE2560-1894,epoch,c1894_epoch_134
CUE2560-1895,epoch,c1895_epoch_135
CUE2560-1896,epoch,c1896_epoch_136
CUE2560-1897,epoch,c1897_epoch_137
CUE2560-1898,epoch,c1898_epoch_138
CUE2560-1899,epoch,c1899_epoch_139
CUE2560-1900,epoch,c1900_epoch_140
CUE2560-1901,epoch,c1901_epoch_141
CUE2560-1902,epoch,c1902_epoch_142
CUE2560-1903,epoch,c1903_epoch_143
CUE2560-1904,epoch,c1904_epoch_144
CUE2560-1905,epoch,c1905_epoch_145
CUE2560-1906,epoch,c1906_epoch_146
CUE2560-1907,epoch,c1907_epoch_147
CUE2560-1908,epoch,c1908_epoch_148
CUE2560-1909,epoch,c1909_epoch_149
CUE2560-1910,epoch,c1910_epoch_150
CUE2560-1911,epoch,c1911_epoch_151
CUE2560-1912,epoch,c1912_epoch_152
CUE2560-1913,epoch,c1913_epoch_153
CUE2560-1914,epoch,c1914_epoch_154
CUE2560-1915,epoch,c1915_epoch_155
CUE2560-1916,epoch,c1916_epoch_156
CUE2560-1917,epoch,c1917_epoch_157
CUE2560-1918,epoch,c1918_epoch_158
CUE2560-1919,epoch,c1919_epoch_159
CUE2560-1920,epoch,c1920_epoch_160
CUE2560-1921,pointer,c1921_pointer_001
CUE2560-1922,pointer,c1922_pointer_002
CUE2560-1923,pointer,c1923_pointer_003
CUE2560-1924,pointer,c1924_pointer_004
CUE2560-1925,pointer,c1925_pointer_005
CUE2560-1926,pointer,c1926_pointer_006
CUE2560-1927,pointer,c1927_pointer_007
CUE2560-1928,pointer,c1928_pointer_008
CUE2560-1929,pointer,c1929_pointer_009
CUE2560-1930,pointer,c1930_pointer_010
CUE2560-1931,pointer,c1931_pointer_011
CUE2560-1932,pointer,c1932_pointer_012
CUE2560-1933,pointer,c1933_pointer_013
CUE2560-1934,pointer,c1934_pointer_014
CUE2560-1935,pointer,c1935_pointer_015
CUE2560-1936,pointer,c1936_pointer_016
CUE2560-1937,pointer,c1937_pointer_017
CUE2560-1938,pointer,c1938_pointer_018
CUE2560-1939,pointer,c1939_pointer_019
CUE2560-1940,pointer,c1940_pointer_020
CUE2560-1941,pointer,c1941_pointer_021
CUE2560-1942,pointer,c1942_pointer_022
CUE2560-1943,pointer,c1943_pointer_023
CUE2560-1944,pointer,c1944_pointer_024
CUE2560-1945,pointer,c1945_pointer_025
CUE2560-1946,pointer,c1946_pointer_026
CUE2560-1947,pointer,c1947_pointer_027
CUE2560-1948,pointer,c1948_pointer_028
CUE2560-1949,pointer,c1949_pointer_029
CUE2560-1950,pointer,c1950_pointer_030
CUE2560-1951,pointer,c1951_pointer_031
CUE2560-1952,pointer,c1952_pointer_032
CUE2560-1953,pointer,c1953_pointer_033
CUE2560-1954,pointer,c1954_pointer_034
CUE2560-1955,pointer,c1955_pointer_035
CUE2560-1956,pointer,c1956_pointer_036
CUE2560-1957,pointer,c1957_pointer_037
CUE2560-1958,pointer,c1958_pointer_038
CUE2560-1959,pointer,c1959_pointer_039
CUE2560-1960,pointer,c1960_pointer_040
CUE2560-1961,pointer,c1961_pointer_041
CUE2560-1962,pointer,c1962_pointer_042
CUE2560-1963,pointer,c1963_pointer_043
CUE2560-1964,pointer,c1964_pointer_044
CUE2560-1965,pointer,c1965_pointer_045
CUE2560-1966,pointer,c1966_pointer_046
CUE2560-1967,pointer,c1967_pointer_047
CUE2560-1968,pointer,c1968_pointer_048
CUE2560-1969,pointer,c1969_pointer_049
CUE2560-1970,pointer,c1970_pointer_050
CUE2560-1971,pointer,c1971_pointer_051
CUE2560-1972,pointer,c1972_pointer_052
CUE2560-1973,pointer,c1973_pointer_053
CUE2560-1974,pointer,c1974_pointer_054
CUE2560-1975,pointer,c1975_pointer_055
CUE2560-1976,pointer,c1976_pointer_056
CUE2560-1977,pointer,c1977_pointer_057
CUE2560-1978,pointer,c1978_pointer_058
CUE2560-1979,pointer,c1979_pointer_059
CUE2560-1980,pointer,c1980_pointer_060
CUE2560-1981,pointer,c1981_pointer_061
CUE2560-1982,pointer,c1982_pointer_062
CUE2560-1983,pointer,c1983_pointer_063
CUE2560-1984,pointer,c1984_pointer_064
CUE2560-1985,pointer,c1985_pointer_065
CUE2560-1986,pointer,c1986_pointer_066
CUE2560-1987,pointer,c1987_pointer_067
CUE2560-1988,pointer,c1988_pointer_068
CUE2560-1989,pointer,c1989_pointer_069
CUE2560-1990,pointer,c1990_pointer_070
CUE2560-1991,pointer,c1991_pointer_071
CUE2560-1992,pointer,c1992_pointer_072
CUE2560-1993,pointer,c1993_pointer_073
CUE2560-1994,pointer,c1994_pointer_074
CUE2560-1995,pointer,c1995_pointer_075
CUE2560-1996,pointer,c1996_pointer_076
CUE2560-1997,pointer,c1997_pointer_077
CUE2560-1998,pointer,c1998_pointer_078
CUE2560-1999,pointer,c1999_pointer_079
CUE2560-2000,pointer,c2000_pointer_080
CUE2560-2001,pointer,c2001_pointer_081
CUE2560-2002,pointer,c2002_pointer_082
CUE2560-2003,pointer,c2003_pointer_083
CUE2560-2004,pointer,c2004_pointer_084
CUE2560-2005,pointer,c2005_pointer_085
CUE2560-2006,pointer,c2006_pointer_086
CUE2560-2007,pointer,c2007_pointer_087
CUE2560-2008,pointer,c2008_pointer_088
CUE2560-2009,pointer,c2009_pointer_089
CUE2560-2010,pointer,c2010_pointer_090
CUE2560-2011,pointer,c2011_pointer_091
CUE2560-2012,pointer,c2012_pointer_092
CUE2560-2013,pointer,c2013_pointer_093
CUE2560-2014,pointer,c2014_pointer_094
CUE2560-2015,pointer,c2015_pointer_095
CUE2560-2016,pointer,c2016_pointer_096
CUE2560-2017,pointer,c2017_pointer_097
CUE2560-2018,pointer,c2018_pointer_098
CUE2560-2019,pointer,c2019_pointer_099
CUE2560-2020,pointer,c2020_pointer_100
CUE2560-2021,pointer,c2021_pointer_101
CUE2560-2022,pointer,c2022_pointer_102
CUE2560-2023,pointer,c2023_pointer_103
CUE2560-2024,pointer,c2024_pointer_104
CUE2560-2025,pointer,c2025_pointer_105
CUE2560-2026,pointer,c2026_pointer_106
CUE2560-2027,pointer,c2027_pointer_107
CUE2560-2028,pointer,c2028_pointer_108
CUE2560-2029,pointer,c2029_pointer_109
CUE2560-2030,pointer,c2030_pointer_110
CUE2560-2031,pointer,c2031_pointer_111
CUE2560-2032,pointer,c2032_pointer_112
CUE2560-2033,pointer,c2033_pointer_113
CUE2560-2034,pointer,c2034_pointer_114
CUE2560-2035,pointer,c2035_pointer_115
CUE2560-2036,pointer,c2036_pointer_116
CUE2560-2037,pointer,c2037_pointer_117
CUE2560-2038,pointer,c2038_pointer_118
CUE2560-2039,pointer,c2039_pointer_119
CUE2560-2040,pointer,c2040_pointer_120
CUE2560-2041,pointer,c2041_pointer_121
CUE2560-2042,pointer,c2042_pointer_122
CUE2560-2043,pointer,c2043_pointer_123
CUE2560-2044,pointer,c2044_pointer_124
CUE2560-2045,pointer,c2045_pointer_125
CUE2560-2046,pointer,c2046_pointer_126
CUE2560-2047,pointer,c2047_pointer_127
CUE2560-2048,pointer,c2048_pointer_128
CUE2560-2049,pointer,c2049_pointer_129
CUE2560-2050,pointer,c2050_pointer_130
CUE2560-2051,pointer,c2051_pointer_131
CUE2560-2052,pointer,c2052_pointer_132
CUE2560-2053,pointer,c2053_pointer_133
CUE2560-2054,pointer,c2054_pointer_134
CUE2560-2055,pointer,c2055_pointer_135
CUE2560-2056,pointer,c2056_pointer_136
CUE2560-2057,pointer,c2057_pointer_137
CUE2560-2058,pointer,c2058_pointer_138
CUE2560-2059,pointer,c2059_pointer_139
CUE2560-2060,pointer,c2060_pointer_140
CUE2560-2061,pointer,c2061_pointer_141
CUE2560-2062,pointer,c2062_pointer_142
CUE2560-2063,pointer,c2063_pointer_143
CUE2560-2064,pointer,c2064_pointer_144
CUE2560-2065,pointer,c2065_pointer_145
CUE2560-2066,pointer,c2066_pointer_146
CUE2560-2067,pointer,c2067_pointer_147
CUE2560-2068,pointer,c2068_pointer_148
CUE2560-2069,pointer,c2069_pointer_149
CUE2560-2070,pointer,c2070_pointer_150
CUE2560-2071,pointer,c2071_pointer_151
CUE2560-2072,pointer,c2072_pointer_152
CUE2560-2073,pointer,c2073_pointer_153
CUE2560-2074,pointer,c2074_pointer_154
CUE2560-2075,pointer,c2075_pointer_155
CUE2560-2076,pointer,c2076_pointer_156
CUE2560-2077,pointer,c2077_pointer_157
CUE2560-2078,pointer,c2078_pointer_158
CUE2560-2079,pointer,c2079_pointer_159
CUE2560-2080,pointer,c2080_pointer_160
CUE2560-2081,fold,c2081_fold_001
CUE2560-2082,fold,c2082_fold_002
CUE2560-2083,fold,c2083_fold_003
CUE2560-2084,fold,c2084_fold_004
CUE2560-2085,fold,c2085_fold_005
CUE2560-2086,fold,c2086_fold_006
CUE2560-2087,fold,c2087_fold_007
CUE2560-2088,fold,c2088_fold_008
CUE2560-2089,fold,c2089_fold_009
CUE2560-2090,fold,c2090_fold_010
CUE2560-2091,fold,c2091_fold_011
CUE2560-2092,fold,c2092_fold_012
CUE2560-2093,fold,c2093_fold_013
CUE2560-2094,fold,c2094_fold_014
CUE2560-2095,fold,c2095_fold_015
CUE2560-2096,fold,c2096_fold_016
CUE2560-2097,fold,c2097_fold_017
CUE2560-2098,fold,c2098_fold_018
CUE2560-2099,fold,c2099_fold_019
CUE2560-2100,fold,c2100_fold_020
CUE2560-2101,fold,c2101_fold_021
CUE2560-2102,fold,c2102_fold_022
CUE2560-2103,fold,c2103_fold_023
CUE2560-2104,fold,c2104_fold_024
CUE2560-2105,fold,c2105_fold_025
CUE2560-2106,fold,c2106_fold_026
CUE2560-2107,fold,c2107_fold_027
CUE2560-2108,fold,c2108_fold_028
CUE2560-2109,fold,c2109_fold_029
CUE2560-2110,fold,c2110_fold_030
CUE2560-2111,fold,c2111_fold_031
CUE2560-2112,fold,c2112_fold_032
CUE2560-2113,fold,c2113_fold_033
CUE2560-2114,fold,c2114_fold_034
CUE2560-2115,fold,c2115_fold_035
CUE2560-2116,fold,c2116_fold_036
CUE2560-2117,fold,c2117_fold_037
CUE2560-2118,fold,c2118_fold_038
CUE2560-2119,fold,c2119_fold_039
CUE2560-2120,fold,c2120_fold_040
CUE2560-2121,fold,c2121_fold_041
CUE2560-2122,fold,c2122_fold_042
CUE2560-2123,fold,c2123_fold_043
CUE2560-2124,fold,c2124_fold_044
CUE2560-2125,fold,c2125_fold_045
CUE2560-2126,fold,c2126_fold_046
CUE2560-2127,fold,c2127_fold_047
CUE2560-2128,fold,c2128_fold_048
CUE2560-2129,fold,c2129_fold_049
CUE2560-2130,fold,c2130_fold_050
CUE2560-2131,fold,c2131_fold_051
CUE2560-2132,fold,c2132_fold_052
CUE2560-2133,fold,c2133_fold_053
CUE2560-2134,fold,c2134_fold_054
CUE2560-2135,fold,c2135_fold_055
CUE2560-2136,fold,c2136_fold_056
CUE2560-2137,fold,c2137_fold_057
CUE2560-2138,fold,c2138_fold_058
CUE2560-2139,fold,c2139_fold_059
CUE2560-2140,fold,c2140_fold_060
CUE2560-2141,fold,c2141_fold_061
CUE2560-2142,fold,c2142_fold_062
CUE2560-2143,fold,c2143_fold_063
CUE2560-2144,fold,c2144_fold_064
CUE2560-2145,fold,c2145_fold_065
CUE2560-2146,fold,c2146_fold_066
CUE2560-2147,fold,c2147_fold_067
CUE2560-2148,fold,c2148_fold_068
CUE2560-2149,fold,c2149_fold_069
CUE2560-2150,fold,c2150_fold_070
CUE2560-2151,fold,c2151_fold_071
CUE2560-2152,fold,c2152_fold_072
CUE2560-2153,fold,c2153_fold_073
CUE2560-2154,fold,c2154_fold_074
CUE2560-2155,fold,c2155_fold_075
CUE2560-2156,fold,c2156_fold_076
CUE2560-2157,fold,c2157_fold_077
CUE2560-2158,fold,c2158_fold_078
CUE2560-2159,fold,c2159_fold_079
CUE2560-2160,fold,c2160_fold_080
CUE2560-2161,fold,c2161_fold_081
CUE2560-2162,fold,c2162_fold_082
CUE2560-2163,fold,c2163_fold_083
CUE2560-2164,fold,c2164_fold_084
CUE2560-2165,fold,c2165_fold_085
CUE2560-2166,fold,c2166_fold_086
CUE2560-2167,fold,c2167_fold_087
CUE2560-2168,fold,c2168_fold_088
CUE2560-2169,fold,c2169_fold_089
CUE2560-2170,fold,c2170_fold_090
CUE2560-2171,fold,c2171_fold_091
CUE2560-2172,fold,c2172_fold_092
CUE2560-2173,fold,c2173_fold_093
CUE2560-2174,fold,c2174_fold_094
CUE2560-2175,fold,c2175_fold_095
CUE2560-2176,fold,c2176_fold_096
CUE2560-2177,fold,c2177_fold_097
CUE2560-2178,fold,c2178_fold_098
CUE2560-2179,fold,c2179_fold_099
CUE2560-2180,fold,c2180_fold_100
CUE2560-2181,fold,c2181_fold_101
CUE2560-2182,fold,c2182_fold_102
CUE2560-2183,fold,c2183_fold_103
CUE2560-2184,fold,c2184_fold_104
CUE2560-2185,fold,c2185_fold_105
CUE2560-2186,fold,c2186_fold_106
CUE2560-2187,fold,c2187_fold_107
CUE2560-2188,fold,c2188_fold_108
CUE2560-2189,fold,c2189_fold_109
CUE2560-2190,fold,c2190_fold_110
CUE2560-2191,fold,c2191_fold_111
CUE2560-2192,fold,c2192_fold_112
CUE2560-2193,fold,c2193_fold_113
CUE2560-2194,fold,c2194_fold_114
CUE2560-2195,fold,c2195_fold_115
CUE2560-2196,fold,c2196_fold_116
CUE2560-2197,fold,c2197_fold_117
CUE2560-2198,fold,c2198_fold_118
CUE2560-2199,fold,c2199_fold_119
CUE2560-2200,fold,c2200_fold_120
CUE2560-2201,fold,c2201_fold_121
CUE2560-2202,fold,c2202_fold_122
CUE2560-2203,fold,c2203_fold_123
CUE2560-2204,fold,c2204_fold_124
CUE2560-2205,fold,c2205_fold_125
CUE2560-2206,fold,c2206_fold_126
CUE2560-2207,fold,c2207_fold_127
CUE2560-2208,fold,c2208_fold_128
CUE2560-2209,fold,c2209_fold_129
CUE2560-2210,fold,c2210_fold_130
CUE2560-2211,fold,c2211_fold_131
CUE2560-2212,fold,c2212_fold_132
CUE2560-2213,fold,c2213_fold_133
CUE2560-2214,fold,c2214_fold_134
CUE2560-2215,fold,c2215_fold_135
CUE2560-2216,fold,c2216_fold_136
CUE2560-2217,fold,c2217_fold_137
CUE2560-2218,fold,c2218_fold_138
CUE2560-2219,fold,c2219_fold_139
CUE2560-2220,fold,c2220_fold_140
CUE2560-2221,fold,c2221_fold_141
CUE2560-2222,fold,c2222_fold_142
CUE2560-2223,fold,c2223_fold_143
CUE2560-2224,fold,c2224_fold_144
CUE2560-2225,fold,c2225_fold_145
CUE2560-2226,fold,c2226_fold_146
CUE2560-2227,fold,c2227_fold_147
CUE2560-2228,fold,c2228_fold_148
CUE2560-2229,fold,c2229_fold_149
CUE2560-2230,fold,c2230_fold_150
CUE2560-2231,fold,c2231_fold_151
CUE2560-2232,fold,c2232_fold_152
CUE2560-2233,fold,c2233_fold_153
CUE2560-2234,fold,c2234_fold_154
CUE2560-2235,fold,c2235_fold_155
CUE2560-2236,fold,c2236_fold_156
CUE2560-2237,fold,c2237_fold_157
CUE2560-2238,fold,c2238_fold_158
CUE2560-2239,fold,c2239_fold_159
CUE2560-2240,fold,c2240_fold_160
CUE2560-2241,export,c2241_export_001
CUE2560-2242,export,c2242_export_002
CUE2560-2243,export,c2243_export_003
CUE2560-2244,export,c2244_export_004
CUE2560-2245,export,c2245_export_005
CUE2560-2246,export,c2246_export_006
CUE2560-2247,export,c2247_export_007
CUE2560-2248,export,c2248_export_008
CUE2560-2249,export,c2249_export_009
CUE2560-2250,export,c2250_export_010
CUE2560-2251,export,c2251_export_011
CUE2560-2252,export,c2252_export_012
CUE2560-2253,export,c2253_export_013
CUE2560-2254,export,c2254_export_014
CUE2560-2255,export,c2255_export_015
CUE2560-2256,export,c2256_export_016
CUE2560-2257,export,c2257_export_017
CUE2560-2258,export,c2258_export_018
CUE2560-2259,export,c2259_export_019
CUE2560-2260,export,c2260_export_020
CUE2560-2261,export,c2261_export_021
CUE2560-2262,export,c2262_export_022
CUE2560-2263,export,c2263_export_023
CUE2560-2264,export,c2264_export_024
CUE2560-2265,export,c2265_export_025
CUE2560-2266,export,c2266_export_026
CUE2560-2267,export,c2267_export_027
CUE2560-2268,export,c2268_export_028
CUE2560-2269,export,c2269_export_029
CUE2560-2270,export,c2270_export_030
CUE2560-2271,export,c2271_export_031
CUE2560-2272,export,c2272_export_032
CUE2560-2273,export,c2273_export_033
CUE2560-2274,export,c2274_export_034
CUE2560-2275,export,c2275_export_035
CUE2560-2276,export,c2276_export_036
CUE2560-2277,export,c2277_export_037
CUE2560-2278,export,c2278_export_038
CUE2560-2279,export,c2279_export_039
CUE2560-2280,export,c2280_export_040
CUE2560-2281,export,c2281_export_041
CUE2560-2282,export,c2282_export_042
CUE2560-2283,export,c2283_export_043
CUE2560-2284,export,c2284_export_044
CUE2560-2285,export,c2285_export_045
CUE2560-2286,export,c2286_export_046
CUE2560-2287,export,c2287_export_047
CUE2560-2288,export,c2288_export_048
CUE2560-2289,export,c2289_export_049
CUE2560-2290,export,c2290_export_050
CUE2560-2291,export,c2291_export_051
CUE2560-2292,export,c2292_export_052
CUE2560-2293,export,c2293_export_053
CUE2560-2294,export,c2294_export_054
CUE2560-2295,export,c2295_export_055
CUE2560-2296,export,c2296_export_056
CUE2560-2297,export,c2297_export_057
CUE2560-2298,export,c2298_export_058
CUE2560-2299,export,c2299_export_059
CUE2560-2300,export,c2300_export_060
CUE2560-2301,export,c2301_export_061
CUE2560-2302,export,c2302_export_062
CUE2560-2303,export,c2303_export_063
CUE2560-2304,export,c2304_export_064
CUE2560-2305,export,c2305_export_065
CUE2560-2306,export,c2306_export_066
CUE2560-2307,export,c2307_export_067
CUE2560-2308,export,c2308_export_068
CUE2560-2309,export,c2309_export_069
CUE2560-2310,export,c2310_export_070
CUE2560-2311,export,c2311_export_071
CUE2560-2312,export,c2312_export_072
CUE2560-2313,export,c2313_export_073
CUE2560-2314,export,c2314_export_074
CUE2560-2315,export,c2315_export_075
CUE2560-2316,export,c2316_export_076
CUE2560-2317,export,c2317_export_077
CUE2560-2318,export,c2318_export_078
CUE2560-2319,export,c2319_export_079
CUE2560-2320,export,c2320_export_080
CUE2560-2321,export,c2321_export_081
CUE2560-2322,export,c2322_export_082
CUE2560-2323,export,c2323_export_083
CUE2560-2324,export,c2324_export_084
CUE2560-2325,export,c2325_export_085
CUE2560-2326,export,c2326_export_086
CUE2560-2327,export,c2327_export_087
CUE2560-2328,export,c2328_export_088
CUE2560-2329,export,c2329_export_089
CUE2560-2330,export,c2330_export_090
CUE2560-2331,export,c2331_export_091
CUE2560-2332,export,c2332_export_092
CUE2560-2333,export,c2333_export_093
CUE2560-2334,export,c2334_export_094
CUE2560-2335,export,c2335_export_095
CUE2560-2336,export,c2336_export_096
CUE2560-2337,export,c2337_export_097
CUE2560-2338,export,c2338_export_098
CUE2560-2339,export,c2339_export_099
CUE2560-2340,export,c2340_export_100
CUE2560-2341,export,c2341_export_101
CUE2560-2342,export,c2342_export_102
CUE2560-2343,export,c2343_export_103
CUE2560-2344,export,c2344_export_104
CUE2560-2345,export,c2345_export_105
CUE2560-2346,export,c2346_export_106
CUE2560-2347,export,c2347_export_107
CUE2560-2348,export,c2348_export_108
CUE2560-2349,export,c2349_export_109
CUE2560-2350,export,c2350_export_110
CUE2560-2351,export,c2351_export_111
CUE2560-2352,export,c2352_export_112
CUE2560-2353,export,c2353_export_113
CUE2560-2354,export,c2354_export_114
CUE2560-2355,export,c2355_export_115
CUE2560-2356,export,c2356_export_116
CUE2560-2357,export,c2357_export_117
CUE2560-2358,export,c2358_export_118
CUE2560-2359,export,c2359_export_119
CUE2560-2360,export,c2360_export_120
CUE2560-2361,export,c2361_export_121
CUE2560-2362,export,c2362_export_122
CUE2560-2363,export,c2363_export_123
CUE2560-2364,export,c2364_export_124
CUE2560-2365,export,c2365_export_125
CUE2560-2366,export,c2366_export_126
CUE2560-2367,export,c2367_export_127
CUE2560-2368,export,c2368_export_128
CUE2560-2369,export,c2369_export_129
CUE2560-2370,export,c2370_export_130
CUE2560-2371,export,c2371_export_131
CUE2560-2372,export,c2372_export_132
CUE2560-2373,export,c2373_export_133
CUE2560-2374,export,c2374_export_134
CUE2560-2375,export,c2375_export_135
CUE2560-2376,export,c2376_export_136
CUE2560-2377,export,c2377_export_137
CUE2560-2378,export,c2378_export_138
CUE2560-2379,export,c2379_export_139
CUE2560-2380,export,c2380_export_140
CUE2560-2381,export,c2381_export_141
CUE2560-2382,export,c2382_export_142
CUE2560-2383,export,c2383_export_143
CUE2560-2384,export,c2384_export_144
CUE2560-2385,export,c2385_export_145
CUE2560-2386,export,c2386_export_146
CUE2560-2387,export,c2387_export_147
CUE2560-2388,export,c2388_export_148
CUE2560-2389,export,c2389_export_149
CUE2560-2390,export,c2390_export_150
CUE2560-2391,export,c2391_export_151
CUE2560-2392,export,c2392_export_152
CUE2560-2393,export,c2393_export_153
CUE2560-2394,export,c2394_export_154
CUE2560-2395,export,c2395_export_155
CUE2560-2396,export,c2396_export_156
CUE2560-2397,export,c2397_export_157
CUE2560-2398,export,c2398_export_158
CUE2560-2399,export,c2399_export_159
CUE2560-2400,export,c2400_export_160
CUE2560-2401,bind,c2401_bind_001
CUE2560-2402,bind,c2402_bind_002
CUE2560-2403,bind,c2403_bind_003
CUE2560-2404,bind,c2404_bind_004
CUE2560-2405,bind,c2405_bind_005
CUE2560-2406,bind,c2406_bind_006
CUE2560-2407,bind,c2407_bind_007
CUE2560-2408,bind,c2408_bind_008
CUE2560-2409,bind,c2409_bind_009
CUE2560-2410,bind,c2410_bind_010
CUE2560-2411,bind,c2411_bind_011
CUE2560-2412,bind,c2412_bind_012
CUE2560-2413,bind,c2413_bind_013
CUE2560-2414,bind,c2414_bind_014
CUE2560-2415,bind,c2415_bind_015
CUE2560-2416,bind,c2416_bind_016
CUE2560-2417,bind,c2417_bind_017
CUE2560-2418,bind,c2418_bind_018
CUE2560-2419,bind,c2419_bind_019
CUE2560-2420,bind,c2420_bind_020
CUE2560-2421,bind,c2421_bind_021
CUE2560-2422,bind,c2422_bind_022
CUE2560-2423,bind,c2423_bind_023
CUE2560-2424,bind,c2424_bind_024
CUE2560-2425,bind,c2425_bind_025
CUE2560-2426,bind,c2426_bind_026
CUE2560-2427,bind,c2427_bind_027
CUE2560-2428,bind,c2428_bind_028
CUE2560-2429,bind,c2429_bind_029
CUE2560-2430,bind,c2430_bind_030
CUE2560-2431,bind,c2431_bind_031
CUE2560-2432,bind,c2432_bind_032
CUE2560-2433,bind,c2433_bind_033
CUE2560-2434,bind,c2434_bind_034
CUE2560-2435,bind,c2435_bind_035
CUE2560-2436,bind,c2436_bind_036
CUE2560-2437,bind,c2437_bind_037
CUE2560-2438,bind,c2438_bind_038
CUE2560-2439,bind,c2439_bind_039
CUE2560-2440,bind,c2440_bind_040
CUE2560-2441,bind,c2441_bind_041
CUE2560-2442,bind,c2442_bind_042
CUE2560-2443,bind,c2443_bind_043
CUE2560-2444,bind,c2444_bind_044
CUE2560-2445,bind,c2445_bind_045
CUE2560-2446,bind,c2446_bind_046
CUE2560-2447,bind,c2447_bind_047
CUE2560-2448,bind,c2448_bind_048
CUE2560-2449,bind,c2449_bind_049
CUE2560-2450,bind,c2450_bind_050
CUE2560-2451,bind,c2451_bind_051
CUE2560-2452,bind,c2452_bind_052
CUE2560-2453,bind,c2453_bind_053
CUE2560-2454,bind,c2454_bind_054
CUE2560-2455,bind,c2455_bind_055
CUE2560-2456,bind,c2456_bind_056
CUE2560-2457,bind,c2457_bind_057
CUE2560-2458,bind,c2458_bind_058
CUE2560-2459,bind,c2459_bind_059
CUE2560-2460,bind,c2460_bind_060
CUE2560-2461,bind,c2461_bind_061
CUE2560-2462,bind,c2462_bind_062
CUE2560-2463,bind,c2463_bind_063
CUE2560-2464,bind,c2464_bind_064
CUE2560-2465,bind,c2465_bind_065
CUE2560-2466,bind,c2466_bind_066
CUE2560-2467,bind,c2467_bind_067
CUE2560-2468,bind,c2468_bind_068
CUE2560-2469,bind,c2469_bind_069
CUE2560-2470,bind,c2470_bind_070
CUE2560-2471,bind,c2471_bind_071
CUE2560-2472,bind,c2472_bind_072
CUE2560-2473,bind,c2473_bind_073
CUE2560-2474,bind,c2474_bind_074
CUE2560-2475,bind,c2475_bind_075
CUE2560-2476,bind,c2476_bind_076
CUE2560-2477,bind,c2477_bind_077
CUE2560-2478,bind,c2478_bind_078
CUE2560-2479,bind,c2479_bind_079
CUE2560-2480,bind,c2480_bind_080
CUE2560-2481,bind,c2481_bind_081
CUE2560-2482,bind,c2482_bind_082
CUE2560-2483,bind,c2483_bind_083
CUE2560-2484,bind,c2484_bind_084
CUE2560-2485,bind,c2485_bind_085
CUE2560-2486,bind,c2486_bind_086
CUE2560-2487,bind,c2487_bind_087
CUE2560-2488,bind,c2488_bind_088
CUE2560-2489,bind,c2489_bind_089
CUE2560-2490,bind,c2490_bind_090
CUE2560-2491,bind,c2491_bind_091
CUE2560-2492,bind,c2492_bind_092
CUE2560-2493,bind,c2493_bind_093
CUE2560-2494,bind,c2494_bind_094
CUE2560-2495,bind,c2495_bind_095
CUE2560-2496,bind,c2496_bind_096
CUE2560-2497,bind,c2497_bind_097
CUE2560-2498,bind,c2498_bind_098
CUE2560-2499,bind,c2499_bind_099
CUE2560-2500,bind,c2500_bind_100
CUE2560-2501,bind,c2501_bind_101
CUE2560-2502,bind,c2502_bind_102
CUE2560-2503,bind,c2503_bind_103
CUE2560-2504,bind,c2504_bind_104
CUE2560-2505,bind,c2505_bind_105
CUE2560-2506,bind,c2506_bind_106
CUE2560-2507,bind,c2507_bind_107
CUE2560-2508,bind,c2508_bind_108
CUE2560-2509,bind,c2509_bind_109
CUE2560-2510,bind,c2510_bind_110
CUE2560-2511,bind,c2511_bind_111
CUE2560-2512,bind,c2512_bind_112
CUE2560-2513,bind,c2513_bind_113
CUE2560-2514,bind,c2514_bind_114
CUE2560-2515,bind,c2515_bind_115
CUE2560-2516,bind,c2516_bind_116
CUE2560-2517,bind,c2517_bind_117
CUE2560-2518,bind,c2518_bind_118
CUE2560-2519,bind,c2519_bind_119
CUE2560-2520,bind,c2520_bind_120
CUE2560-2521,bind,c2521_bind_121
CUE2560-2522,bind,c2522_bind_122
CUE2560-2523,bind,c2523_bind_123
CUE2560-2524,bind,c2524_bind_124
CUE2560-2525,bind,c2525_bind_125
CUE2560-2526,bind,c2526_bind_126
CUE2560-2527,bind,c2527_bind_127
CUE2560-2528,bind,c2528_bind_128
CUE2560-2529,bind,c2529_bind_129
CUE2560-2530,bind,c2530_bind_130
CUE2560-2531,bind,c2531_bind_131
CUE2560-2532,bind,c2532_bind_132
CUE2560-2533,bind,c2533_bind_133
CUE2560-2534,bind,c2534_bind_134
CUE2560-2535,bind,c2535_bind_135
CUE2560-2536,bind,c2536_bind_136
CUE2560-2537,bind,c2537_bind_137
CUE2560-2538,bind,c2538_bind_138
CUE2560-2539,bind,c2539_bind_139
CUE2560-2540,bind,c2540_bind_140
CUE2560-2541,bind,c2541_bind_141
CUE2560-2542,bind,c2542_bind_142
CUE2560-2543,bind,c2543_bind_143
CUE2560-2544,bind,c2544_bind_144
CUE2560-2545,bind,c2545_bind_145
CUE2560-2546,bind,c2546_bind_146
CUE2560-2547,bind,c2547_bind_147
CUE2560-2548,bind,c2548_bind_148
CUE2560-2549,bind,c2549_bind_149
CUE2560-2550,bind,c2550_bind_150
CUE2560-2551,bind,c2551_bind_151
CUE2560-2552,bind,c2552_bind_152
CUE2560-2553,bind,c2553_bind_153
CUE2560-2554,bind,c2554_bind_154
CUE2560-2555,bind,c2555_bind_155
CUE2560-2556,bind,c2556_bind_156
CUE2560-2557,bind,c2557_bind_157
CUE2560-2558,bind,c2558_bind_158
CUE2560-2559,bind,c2559_bind_159
CUE2560-2560,bind,c2560_bind_160
