id,module
SCAT-RESI-0001,c0001
SCAT-RESI-0002,c0002
SCAT-RESI-0003,c0003
SCAT-RESI-0004,c0004
SCAT-RESI-0005,c0005
SCAT-RESI-0006,c0006
SCAT-RESI-0007,c0007
SCAT-RESI-0008,c0008
SCAT-RESI-0009,c0009
SCAT-RESI-0010,c0010
SCAT-RESI-0011,c0011
SCAT-RESI-0012,c0012
SCAT-RESI-0013,c0013
SCAT-RESI-0014,c0014
SCAT-RESI-0015,c0015
SCAT-RESI-0016,c0016
SCAT-RESI-0017,c0017
SCAT-RESI-0018,c0018
SCAT-RESI-0019,c0019
SCAT-RESI-0020,c0020
SCAT-RESI-0021,c0021
SCAT-RESI-0022,c0022
SCAT-RESI-0023,c0023
SCAT-RESI-0024,c0024
SCAT-RESI-0025,c0025
SCAT-RESI-0026,c0026
SCAT-RESI-0027,c0027
SCAT-RESI-0028,c0028
SCAT-RESI-0029,c0029
SCAT-RESI-0030,c0030
SCAT-RESI-0031,c0031
SCAT-RESI-0032,c0032
SCAT-RESI-0033,c0033
SCAT-RESI-0034,c0034
SCAT-RESI-0035,c0035
SCAT-RESI-0036,c0036
SCAT-RESI-0037,c0037
SCAT-RESI-0038,c0038
SCAT-RESI-0039,c0039
SCAT-RESI-0040,c0040
SCAT-RESI-0041,c0041
SCAT-RESI-0042,c0042
SCAT-RESI-0043,c0043
SCAT-RESI-0044,c0044
SCAT-RESI-0045,c0045
SCAT-RESI-0046,c0046
SCAT-RESI-0047,c0047
SCAT-RESI-0048,c0048
SCAT-RESI-0049,c0049
SCAT-RESI-0050,c0050
SCAT-RESI-0051,c0051
SCAT-RESI-0052,c0052
SCAT-RESI-0053,c0053
SCAT-RESI-0054,c0054
SCAT-RESI-0055,c0055
SCAT-RESI-0056,c0056
SCAT-RESI-0057,c0057
SCAT-RESI-0058,c0058
SCAT-RESI-0059,c0059
SCAT-RESI-0060,c0060
SCAT-RESI-0061,c0061
SCAT-RESI-0062,c0062
SCAT-RESI-0063,c0063
SCAT-RESI-0064,c0064
SCAT-RESI-0065,c0065
SCAT-RESI-0066,c0066
SCAT-RESI-0067,c0067
SCAT-RESI-0068,c0068
SCAT-RESI-0069,c0069
SCAT-RESI-0070,c0070
SCAT-RESI-0071,c0071
SCAT-RESI-0072,c0072
SCAT-RESI-0073,c0073
SCAT-RESI-0074,c0074
SCAT-RESI-0075,c0075
SCAT-RESI-0076,c0076
SCAT-RESI-0077,c0077
SCAT-RESI-0078,c0078
SCAT-RESI-0079,c0079
SCAT-RESI-0080,c0080
SCAT-RESI-0081,c0081
SCAT-RESI-0082,c0082
SCAT-RESI-0083,c0083
SCAT-RESI-0084,c0084
SCAT-RESI-0085,c0085
SCAT-RESI-0086,c0086
SCAT-RESI-0087,c0087
SCAT-RESI-0088,c0088
SCAT-RESI-0089,c0089
SCAT-RESI-0090,c0090
SCAT-RESI-0091,c0091
SCAT-RESI-0092,c0092
SCAT-RESI-0093,c0093
SCAT-RESI-0094,c0094
SCAT-RESI-0095,c0095
SCAT-RESI-0096,c0096
SCAT-RESI-0097,c0097
SCAT-RESI-0098,c0098
SCAT-RESI-0099,c0099
SCAT-RESI-0100,c0100
SCAT-RESI-0101,c0101
SCAT-RESI-0102,c0102
SCAT-RESI-0103,c0103
SCAT-RESI-0104,c0104
SCAT-RESI-0105,c0105
SCAT-RESI-0106,c0106
SCAT-RESI-0107,c0107
SCAT-RESI-0108,c0108
SCAT-RESI-0109,c0109
SCAT-RESI-0110,c0110
SCAT-RESI-0111,c0111
SCAT-RESI-0112,c0112
SCAT-RESI-0113,c0113
SCAT-RESI-0114,c0114
SCAT-RESI-0115,c0115
SCAT-RESI-0116,c0116
SCAT-RESI-0117,c0117
SCAT-RESI-0118,c0118
SCAT-RESI-0119,c0119
SCAT-RESI-0120,c0120
SCAT-RESI-0121,c0121
SCAT-RESI-0122,c0122
SCAT-RESI-0123,c0123
SCAT-RESI-0124,c0124
SCAT-RESI-0125,c0125
SCAT-RESI-0126,c0126
SCAT-RESI-0127,c0127
SCAT-RESI-0128,c0128
SCAT-RESI-0129,c0129
SCAT-RESI-0130,c0130
SCAT-RESI-0131,c0131
SCAT-RESI-0132,c0132
SCAT-RESI-0133,c0133
SCAT-RESI-0134,c0134
SCAT-RESI-0135,c0135
SCAT-RESI-0136,c0136
SCAT-RESI-0137,c0137
SCAT-RESI-0138,c0138
SCAT-RESI-0139,c0139
SCAT-RESI-0140,c0140
SCAT-RESI-0141,c0141
SCAT-RESI-0142,c0142
SCAT-RESI-0143,c0143
SCAT-RESI-0144,c0144
SCAT-RESI-0145,c0145
SCAT-RESI-0146,c0146
SCAT-RESI-0147,c0147
SCAT-RESI-0148,c0148
SCAT-RESI-0149,c0149
SCAT-RESI-0150,c0150
SCAT-RESI-0151,c0151
SCAT-RESI-0152,c0152
SCAT-RESI-0153,c0153
SCAT-RESI-0154,c0154
SCAT-RESI-0155,c0155
SCAT-RESI-0156,c0156
SCAT-RESI-0157,c0157
SCAT-RESI-0158,c0158
SCAT-RESI-0159,c0159
SCAT-RESI-0160,c0160
SCAT-RESI-0161,c0161
SCAT-RESI-0162,c0162
SCAT-RESI-0163,c0163
SCAT-RESI-0164,c0164
SCAT-RESI-0165,c0165
SCAT-RESI-0166,c0166
SCAT-RESI-0167,c0167
SCAT-RESI-0168,c0168
SCAT-RESI-0169,c0169
SCAT-RESI-0170,c0170
SCAT-RESI-0171,c0171
SCAT-RESI-0172,c0172
SCAT-RESI-0173,c0173
SCAT-RESI-0174,c0174
SCAT-RESI-0175,c0175
SCAT-RESI-0176,c0176
SCAT-RESI-0177,c0177
SCAT-RESI-0178,c0178
SCAT-RESI-0179,c0179
SCAT-RESI-0180,c0180
SCAT-RESI-0181,c0181
SCAT-RESI-0182,c0182
SCAT-RESI-0183,c0183
SCAT-RESI-0184,c0184
SCAT-RESI-0185,c0185
SCAT-RESI-0186,c0186
SCAT-RESI-0187,c0187
SCAT-RESI-0188,c0188
SCAT-RESI-0189,c0189
SCAT-RESI-0190,c0190
SCAT-RESI-0191,c0191
SCAT-RESI-0192,c0192
SCAT-RESI-0193,c0193
SCAT-RESI-0194,c0194
SCAT-RESI-0195,c0195
SCAT-RESI-0196,c0196
SCAT-RESI-0197,c0197
SCAT-RESI-0198,c0198
SCAT-RESI-0199,c0199
SCAT-RESI-0200,c0200
SCAT-RESI-0201,c0201
SCAT-RESI-0202,c0202
SCAT-RESI-0203,c0203
SCAT-RESI-0204,c0204
SCAT-RESI-0205,c0205
SCAT-RESI-0206,c0206
SCAT-RESI-0207,c0207
SCAT-RESI-0208,c0208
SCAT-RESI-0209,c0209
SCAT-RESI-0210,c0210
SCAT-RESI-0211,c0211
SCAT-RESI-0212,c0212
SCAT-RESI-0213,c0213
SCAT-RESI-0214,c0214
SCAT-RESI-0215,c0215
SCAT-RESI-0216,c0216
SCAT-RESI-0217,c0217
SCAT-RESI-0218,c0218
SCAT-RESI-0219,c0219
SCAT-RESI-0220,c0220
SCAT-RESI-0221,c0221
SCAT-RESI-0222,c0222
SCAT-RESI-0223,c0223
SCAT-RESI-0224,c0224
SCAT-RESI-0225,c0225
SCAT-RESI-0226,c0226
SCAT-RESI-0227,c0227
SCAT-RESI-0228,c0228
SCAT-RESI-0229,c0229
SCAT-RESI-0230,c0230
SCAT-RESI-0231,c0231
SCAT-RESI-0232,c0232
SCAT-RESI-0233,c0233
SCAT-RESI-0234,c0234
SCAT-RESI-0235,c0235
SCAT-RESI-0236,c0236
SCAT-RESI-0237,c0237
SCAT-RESI-0238,c0238
SCAT-RESI-0239,c0239
SCAT-RESI-0240,c0240
SCAT-RESI-0241,c0241
SCAT-RESI-0242,c0242
SCAT-RESI-0243,c0243
SCAT-RESI-0244,c0244
SCAT-RESI-0245,c0245
SCAT-RESI-0246,c0246
SCAT-RESI-0247,c0247
SCAT-RESI-0248,c0248
SCAT-RESI-0249,c0249
SCAT-RESI-0250,c0250
SCAT-RESI-0251,c0251
SCAT-RESI-0252,c0252
SCAT-RESI-0253,c0253
SCAT-RESI-0254,c0254
SCAT-RESI-0255,c0255
SCAT-RESI-0256,c0256
SCAT-RESI-0257,c0257
SCAT-RESI-0258,c0258
SCAT-RESI-0259,c0259
SCAT-RESI-0260,c0260
SCAT-RESI-0261,c0261
SCAT-RESI-0262,c0262
SCAT-RESI-0263,c0263
SCAT-RESI-0264,c0264
SCAT-RESI-0265,c0265
SCAT-RESI-0266,c0266
SCAT-RESI-0267,c0267
SCAT-RESI-0268,c0268
SCAT-RESI-0269,c0269
SCAT-RESI-0270,c0270
SCAT-RESI-0271,c0271
SCAT-RESI-0272,c0272
SCAT-RESI-0273,c0273
SCAT-RESI-0274,c0274
SCAT-RESI-0275,c0275
SCAT-RESI-0276,c0276
SCAT-RESI-0277,c0277
SCAT-RESI-0278,c0278
SCAT-RESI-0279,c0279
SCAT-RESI-0280,c0280
SCAT-RESI-0281,c0281
SCAT-RESI-0282,c0282
SCAT-RESI-0283,c0283
SCAT-RESI-0284,c0284
SCAT-RESI-0285,c0285
SCAT-RESI-0286,c0286
SCAT-RESI-0287,c0287
SCAT-RESI-0288,c0288
SCAT-RESI-0289,c0289
SCAT-RESI-0290,c0290
SCAT-RESI-0291,c0291
SCAT-RESI-0292,c0292
SCAT-RESI-0293,c0293
SCAT-RESI-0294,c0294
SCAT-RESI-0295,c0295
SCAT-RESI-0296,c0296
SCAT-RESI-0297,c0297
SCAT-RESI-0298,c0298
SCAT-RESI-0299,c0299
SCAT-RESI-0300,c0300
SCAT-RESI-0301,c0301
SCAT-RESI-0302,c0302
SCAT-RESI-0303,c0303
SCAT-RESI-0304,c0304
SCAT-RESI-0305,c0305
SCAT-RESI-0306,c0306
SCAT-RESI-0307,c0307
SCAT-RESI-0308,c0308
SCAT-RESI-0309,c0309
SCAT-RESI-0310,c0310
SCAT-RESI-0311,c0311
SCAT-RESI-0312,c0312
SCAT-RESI-0313,c0313
SCAT-RESI-0314,c0314
SCAT-RESI-0315,c0315
SCAT-RESI-0316,c0316
SCAT-RESI-0317,c0317
SCAT-RESI-0318,c0318
SCAT-RESI-0319,c0319
SCAT-RESI-0320,c0320
SCAT-RESI-0321,c0321
SCAT-RESI-0322,c0322
SCAT-RESI-0323,c0323
SCAT-RESI-0324,c0324
SCAT-RESI-0325,c0325
SCAT-RESI-0326,c0326
SCAT-RESI-0327,c0327
SCAT-RESI-0328,c0328
SCAT-RESI-0329,c0329
SCAT-RESI-0330,c0330
SCAT-RESI-0331,c0331
SCAT-RESI-0332,c0332
SCAT-RESI-0333,c0333
SCAT-RESI-0334,c0334
SCAT-RESI-0335,c0335
SCAT-RESI-0336,c0336
SCAT-RESI-0337,c0337
SCAT-RESI-0338,c0338
SCAT-RESI-0339,c0339
SCAT-RESI-0340,c0340
SCAT-RESI-0341,c0341
SCAT-RESI-0342,c0342
SCAT-RESI-0343,c0343
SCAT-RESI-0344,c0344
SCAT-RESI-0345,c0345
SCAT-RESI-0346,c0346
SCAT-RESI-0347,c0347
SCAT-RESI-0348,c0348
SCAT-RESI-0349,c0349
SCAT-RESI-0350,c0350
SCAT-RESI-0351,c0351
SCAT-RESI-0352,c0352
SCAT-RESI-0353,c0353
SCAT-RESI-0354,c0354
SCAT-RESI-0355,c0355
SCAT-RESI-0356,c0356
SCAT-RESI-0357,c0357
SCAT-RESI-0358,c0358
SCAT-RESI-0359,c0359
SCAT-RESI-0360,c0360
SCAT-RESI-0361,c0361
SCAT-RESI-0362,c0362
SCAT-RESI-0363,c0363
SCAT-RESI-0364,c0364
SCAT-RESI-0365,c0365
SCAT-RESI-0366,c0366
SCAT-RESI-0367,c0367
SCAT-RESI-0368,c0368
SCAT-RESI-0369,c0369
SCAT-RESI-0370,c0370
SCAT-RESI-0371,c0371
SCAT-RESI-0372,c0372
SCAT-RESI-0373,c0373
SCAT-RESI-0374,c0374
SCAT-RESI-0375,c0375
SCAT-RESI-0376,c0376
SCAT-RESI-0377,c0377
SCAT-RESI-0378,c0378
SCAT-RESI-0379,c0379
SCAT-RESI-0380,c0380
SCAT-RESI-0381,c0381
SCAT-RESI-0382,c0382
SCAT-RESI-0383,c0383
SCAT-RESI-0384,c0384
SCAT-RESI-0385,c0385
SCAT-RESI-0386,c0386
SCAT-RESI-0387,c0387
SCAT-RESI-0388,c0388
SCAT-RESI-0389,c0389
SCAT-RESI-0390,c0390
SCAT-RESI-0391,c0391
SCAT-RESI-0392,c0392
SCAT-RESI-0393,c0393
SCAT-RESI-0394,c0394
SCAT-RESI-0395,c0395
SCAT-RESI-0396,c0396
SCAT-RESI-0397,c0397
SCAT-RESI-0398,c0398
SCAT-RESI-0399,c0399
SCAT-RESI-0400,c0400
SCAT-RESI-0401,c0401
SCAT-RESI-0402,c0402
SCAT-RESI-0403,c0403
SCAT-RESI-0404,c0404
SCAT-RESI-0405,c0405
SCAT-RESI-0406,c0406
SCAT-RESI-0407,c0407
SCAT-RESI-0408,c0408
SCAT-RESI-0409,c0409
SCAT-RESI-0410,c0410
SCAT-RESI-0411,c0411
SCAT-RESI-0412,c0412
SCAT-RESI-0413,c0413
SCAT-RESI-0414,c0414
SCAT-RESI-0415,c0415
SCAT-RESI-0416,c0416
SCAT-RESI-0417,c0417
SCAT-RESI-0418,c0418
SCAT-RESI-0419,c0419
SCAT-RESI-0420,c0420
SCAT-RESI-0421,c0421
SCAT-RESI-0422,c0422
SCAT-RESI-0423,c0423
SCAT-RESI-0424,c0424
SCAT-RESI-0425,c0425
SCAT-RESI-0426,c0426
SCAT-RESI-0427,c0427
SCAT-RESI-0428,c0428
SCAT-RESI-0429,c0429
SCAT-RESI-0430,c0430
SCAT-RESI-0431,c0431
SCAT-RESI-0432,c0432
SCAT-RESI-0433,c0433
SCAT-RESI-0434,c0434
SCAT-RESI-0435,c0435
SCAT-RESI-0436,c0436
SCAT-RESI-0437,c0437
SCAT-RESI-0438,c0438
SCAT-RESI-0439,c0439
SCAT-RESI-0440,c0440
SCAT-RESI-0441,c0441
SCAT-RESI-0442,c0442
SCAT-RESI-0443,c0443
SCAT-RESI-0444,c0444
SCAT-RESI-0445,c0445
SCAT-RESI-0446,c0446
SCAT-RESI-0447,c0447
SCAT-RESI-0448,c0448
SCAT-RESI-0449,c0449
SCAT-RESI-0450,c0450
SCAT-RESI-0451,c0451
SCAT-RESI-0452,c0452
SCAT-RESI-0453,c0453
SCAT-RESI-0454,c0454
SCAT-RESI-0455,c0455
SCAT-RESI-0456,c0456
SCAT-RESI-0457,c0457
SCAT-RESI-0458,c0458
SCAT-RESI-0459,c0459
SCAT-RESI-0460,c0460
SCAT-RESI-0461,c0461
SCAT-RESI-0462,c0462
SCAT-RESI-0463,c0463
SCAT-RESI-0464,c0464
SCAT-RESI-0465,c0465
SCAT-RESI-0466,c0466
SCAT-RESI-0467,c0467
SCAT-RESI-0468,c0468
SCAT-RESI-0469,c0469
SCAT-RESI-0470,c0470
SCAT-RESI-0471,c0471
SCAT-RESI-0472,c0472
SCAT-RESI-0473,c0473
SCAT-RESI-0474,c0474
SCAT-RESI-0475,c0475
SCAT-RESI-0476,c0476
SCAT-RESI-0477,c0477
SCAT-RESI-0478,c0478
SCAT-RESI-0479,c0479
SCAT-RESI-0480,c0480
SCAT-RESI-0481,c0481
SCAT-RESI-0482,c0482
SCAT-RESI-0483,c0483
SCAT-RESI-0484,c0484
SCAT-RESI-0485,c0485
SCAT-RESI-0486,c0486
SCAT-RESI-0487,c0487
SCAT-RESI-0488,c0488
SCAT-RESI-0489,c0489
SCAT-RESI-0490,c0490
SCAT-RESI-0491,c0491
SCAT-RESI-0492,c0492
SCAT-RESI-0493,c0493
SCAT-RESI-0494,c0494
SCAT-RESI-0495,c0495
SCAT-RESI-0496,c0496
SCAT-RESI-0497,c0497
SCAT-RESI-0498,c0498
SCAT-RESI-0499,c0499
SCAT-RESI-0500,c0500
SCAT-RESI-0501,c0501
SCAT-RESI-0502,c0502
SCAT-RESI-0503,c0503
SCAT-RESI-0504,c0504
SCAT-RESI-0505,c0505
SCAT-RESI-0506,c0506
SCAT-RESI-0507,c0507
SCAT-RESI-0508,c0508
SCAT-RESI-0509,c0509
SCAT-RESI-0510,c0510
SCAT-RESI-0511,c0511
SCAT-RESI-0512,c0512
SCAT-RESI-0513,c0513
SCAT-RESI-0514,c0514
SCAT-RESI-0515,c0515
SCAT-RESI-0516,c0516
SCAT-RESI-0517,c0517
SCAT-RESI-0518,c0518
SCAT-RESI-0519,c0519
SCAT-RESI-0520,c0520
SCAT-RESI-0521,c0521
SCAT-RESI-0522,c0522
SCAT-RESI-0523,c0523
SCAT-RESI-0524,c0524
SCAT-RESI-0525,c0525
SCAT-RESI-0526,c0526
SCAT-RESI-0527,c0527
SCAT-RESI-0528,c0528
SCAT-RESI-0529,c0529
SCAT-RESI-0530,c0530
SCAT-RESI-0531,c0531
SCAT-RESI-0532,c0532
SCAT-RESI-0533,c0533
SCAT-RESI-0534,c0534
SCAT-RESI-0535,c0535
SCAT-RESI-0536,c0536
SCAT-RESI-0537,c0537
SCAT-RESI-0538,c0538
SCAT-RESI-0539,c0539
SCAT-RESI-0540,c0540
SCAT-RESI-0541,c0541
SCAT-RESI-0542,c0542
SCAT-RESI-0543,c0543
SCAT-RESI-0544,c0544
SCAT-RESI-0545,c0545
SCAT-RESI-0546,c0546
SCAT-RESI-0547,c0547
SCAT-RESI-0548,c0548
SCAT-RESI-0549,c0549
SCAT-RESI-0550,c0550
SCAT-RESI-0551,c0551
SCAT-RESI-0552,c0552
SCAT-RESI-0553,c0553
SCAT-RESI-0554,c0554
SCAT-RESI-0555,c0555
SCAT-RESI-0556,c0556
SCAT-RESI-0557,c0557
SCAT-RESI-0558,c0558
SCAT-RESI-0559,c0559
SCAT-RESI-0560,c0560
SCAT-RESI-0561,c0561
SCAT-RESI-0562,c0562
SCAT-RESI-0563,c0563
SCAT-RESI-0564,c0564
SCAT-RESI-0565,c0565
SCAT-RESI-0566,c0566
SCAT-RESI-0567,c0567
SCAT-RESI-0568,c0568
SCAT-RESI-0569,c0569
SCAT-RESI-0570,c0570
SCAT-RESI-0571,c0571
SCAT-RESI-0572,c0572
SCAT-RESI-0573,c0573
SCAT-RESI-0574,c0574
SCAT-RESI-0575,c0575
SCAT-RESI-0576,c0576
SCAT-RESI-0577,c0577
SCAT-RESI-0578,c0578
SCAT-RESI-0579,c0579
SCAT-RESI-0580,c0580
SCAT-RESI-0581,c0581
SCAT-RESI-0582,c0582
SCAT-RESI-0583,c0583
SCAT-RESI-0584,c0584
SCAT-RESI-0585,c0585
SCAT-RESI-0586,c0586
SCAT-RESI-0587,c0587
SCAT-RESI-0588,c0588
SCAT-RESI-0589,c0589
SCAT-RESI-0590,c0590
SCAT-RESI-0591,c0591
SCAT-RESI-0592,c0592
SCAT-RESI-0593,c0593
SCAT-RESI-0594,c0594
SCAT-RESI-0595,c0595
SCAT-RESI-0596,c0596
SCAT-RESI-0597,c0597
SCAT-RESI-0598,c0598
SCAT-RESI-0599,c0599
SCAT-RESI-0600,c0600
SCAT-RESI-0601,c0601
SCAT-RESI-0602,c0602
SCAT-RESI-0603,c0603
SCAT-RESI-0604,c0604
SCAT-RESI-0605,c0605
SCAT-RESI-0606,c0606
SCAT-RESI-0607,c0607
SCAT-RESI-0608,c0608
SCAT-RESI-0609,c0609
SCAT-RESI-0610,c0610
SCAT-RESI-0611,c0611
SCAT-RESI-0612,c0612
SCAT-RESI-0613,c0613
SCAT-RESI-0614,c0614
SCAT-RESI-0615,c0615
SCAT-RESI-0616,c0616
SCAT-RESI-0617,c0617
SCAT-RESI-0618,c0618
SCAT-RESI-0619,c0619
SCAT-RESI-0620,c0620
SCAT-RESI-0621,c0621
SCAT-RESI-0622,c0622
SCAT-RESI-0623,c0623
SCAT-RESI-0624,c0624
SCAT-RESI-0625,c0625
SCAT-RESI-0626,c0626
SCAT-RESI-0627,c0627
SCAT-RESI-0628,c0628
SCAT-RESI-0629,c0629
SCAT-RESI-0630,c0630
SCAT-RESI-0631,c0631
SCAT-RESI-0632,c0632
SCAT-RESI-0633,c0633
SCAT-RESI-0634,c0634
SCAT-RESI-0635,c0635
SCAT-RESI-0636,c0636
SCAT-RESI-0637,c0637
SCAT-RESI-0638,c0638
SCAT-RESI-0639,c0639
SCAT-RESI-0640,c0640
