id,token,module
FAC-PARS-0001,pointer,c0001
FAC-PARS-0002,pointer,c0002
FAC-PARS-0003,pointer,c0003
FAC-PARS-0004,pointer,c0004
FAC-PARS-0005,pointer,c0005
FAC-PARS-0006,pointer,c0006
FAC-PARS-0007,pointer,c0007
FAC-PARS-0008,pointer,c0008
FAC-PARS-0009,pointer,c0009
FAC-PARS-0010,pointer,c0010
FAC-PARS-0011,pointer,c0011
FAC-PARS-0012,pointer,c0012
FAC-PARS-0013,pointer,c0013
FAC-PARS-0014,pointer,c0014
FAC-PARS-0015,pointer,c0015
FAC-PARS-0016,pointer,c0016
FAC-PARS-0017,pointer,c0017
FAC-PARS-0018,pointer,c0018
FAC-PARS-0019,pointer,c0019
FAC-PARS-0020,pointer,c0020
FAC-PARS-0021,pointer,c0021
FAC-PARS-0022,pointer,c0022
FAC-PARS-0023,pointer,c0023
FAC-PARS-0024,pointer,c0024
FAC-PARS-0025,pointer,c0025
FAC-PARS-0026,pointer,c0026
FAC-PARS-0027,pointer,c0027
FAC-PARS-0028,pointer,c0028
FAC-PARS-0029,pointer,c0029
FAC-PARS-0030,pointer,c0030
FAC-PARS-0031,pointer,c0031
FAC-PARS-0032,pointer,c0032
FAC-PARS-0033,pointer,c0033
FAC-PARS-0034,pointer,c0034
FAC-PARS-0035,pointer,c0035
FAC-PARS-0036,pointer,c0036
FAC-PARS-0037,pointer,c0037
FAC-PARS-0038,pointer,c0038
FAC-PARS-0039,pointer,c0039
FAC-PARS-0040,pointer,c0040
FAC-PARS-0041,pointer,c0041
FAC-PARS-0042,pointer,c0042
FAC-PARS-0043,pointer,c0043
FAC-PARS-0044,pointer,c0044
FAC-PARS-0045,pointer,c0045
FAC-PARS-0046,pointer,c0046
FAC-PARS-0047,pointer,c0047
FAC-PARS-0048,pointer,c0048
FAC-PARS-0049,pointer,c0049
FAC-PARS-0050,pointer,c0050
FAC-PARS-0051,pointer,c0051
FAC-PARS-0052,pointer,c0052
FAC-PARS-0053,pointer,c0053
FAC-PARS-0054,pointer,c0054
FAC-PARS-0055,pointer,c0055
FAC-PARS-0056,pointer,c0056
FAC-PARS-0057,pointer,c0057
FAC-PARS-0058,pointer,c0058
FAC-PARS-0059,pointer,c0059
FAC-PARS-0060,pointer,c0060
FAC-PARS-0061,pointer,c0061
FAC-PARS-0062,pointer,c0062
FAC-PARS-0063,pointer,c0063
FAC-PARS-0064,pointer,c0064
FAC-PARS-0065,pointer,c0065
FAC-PARS-0066,pointer,c0066
FAC-PARS-0067,pointer,c0067
FAC-PARS-0068,pointer,c0068
FAC-PARS-0069,pointer,c0069
FAC-PARS-0070,pointer,c0070
FAC-PARS-0071,pointer,c0071
FAC-PARS-0072,pointer,c0072
FAC-PARS-0073,pointer,c0073
FAC-PARS-0074,pointer,c0074
FAC-PARS-0075,pointer,c0075
FAC-PARS-0076,pointer,c0076
FAC-PARS-0077,pointer,c0077
FAC-PARS-0078,pointer,c0078
FAC-PARS-0079,pointer,c0079
FAC-PARS-0080,pointer,c0080
FAC-PARS-0081,pointer,c0081
FAC-PARS-0082,pointer,c0082
FAC-PARS-0083,pointer,c0083
FAC-PARS-0084,pointer,c0084
FAC-PARS-0085,pointer,c0085
FAC-PARS-0086,pointer,c0086
FAC-PARS-0087,pointer,c0087
FAC-PARS-0088,pointer,c0088
FAC-PARS-0089,pointer,c0089
FAC-PARS-0090,pointer,c0090
FAC-PARS-0091,pointer,c0091
FAC-PARS-0092,pointer,c0092
FAC-PARS-0093,pointer,c0093
FAC-PARS-0094,pointer,c0094
FAC-PARS-0095,pointer,c0095
FAC-PARS-0096,pointer,c0096
FAC-PARS-0097,pointer,c0097
FAC-PARS-0098,pointer,c0098
FAC-PARS-0099,pointer,c0099
FAC-PARS-0100,pointer,c0100
FAC-PARS-0101,pointer,c0101
FAC-PARS-0102,pointer,c0102
FAC-PARS-0103,pointer,c0103
FAC-PARS-0104,pointer,c0104
FAC-PARS-0105,pointer,c0105
FAC-PARS-0106,pointer,c0106
FAC-PARS-0107,pointer,c0107
FAC-PARS-0108,pointer,c0108
FAC-PARS-0109,pointer,c0109
FAC-PARS-0110,pointer,c0110
FAC-PARS-0111,pointer,c0111
FAC-PARS-0112,pointer,c0112
FAC-PARS-0113,pointer,c0113
FAC-PARS-0114,pointer,c0114
FAC-PARS-0115,pointer,c0115
FAC-PARS-0116,pointer,c0116
FAC-PARS-0117,pointer,c0117
FAC-PARS-0118,pointer,c0118
FAC-PARS-0119,pointer,c0119
FAC-PARS-0120,pointer,c0120
FAC-PARS-0121,pointer,c0121
FAC-PARS-0122,pointer,c0122
FAC-PARS-0123,pointer,c0123
FAC-PARS-0124,pointer,c0124
FAC-PARS-0125,pointer,c0125
FAC-PARS-0126,pointer,c0126
FAC-PARS-0127,pointer,c0127
FAC-PARS-0128,pointer,c0128
FAC-PARS-0129,pointer,c0129
FAC-PARS-0130,pointer,c0130
FAC-PARS-0131,pointer,c0131
FAC-PARS-0132,pointer,c0132
FAC-PARS-0133,pointer,c0133
FAC-PARS-0134,pointer,c0134
FAC-PARS-0135,pointer,c0135
FAC-PARS-0136,pointer,c0136
FAC-PARS-0137,pointer,c0137
FAC-PARS-0138,pointer,c0138
FAC-PARS-0139,pointer,c0139
FAC-PARS-0140,pointer,c0140
FAC-PARS-0141,pointer,c0141
FAC-PARS-0142,pointer,c0142
FAC-PARS-0143,pointer,c0143
FAC-PARS-0144,pointer,c0144
FAC-PARS-0145,pointer,c0145
FAC-PARS-0146,pointer,c0146
FAC-PARS-0147,pointer,c0147
FAC-PARS-0148,pointer,c0148
FAC-PARS-0149,pointer,c0149
FAC-PARS-0150,pointer,c0150
FAC-PARS-0151,pointer,c0151
FAC-PARS-0152,pointer,c0152
FAC-PARS-0153,pointer,c0153
FAC-PARS-0154,pointer,c0154
FAC-PARS-0155,pointer,c0155
FAC-PARS-0156,pointer,c0156
FAC-PARS-0157,pointer,c0157
FAC-PARS-0158,pointer,c0158
FAC-PARS-0159,pointer,c0159
FAC-PARS-0160,pointer,c0160
FAC-PARS-0161,pointer,c0161
FAC-PARS-0162,pointer,c0162
FAC-PARS-0163,pointer,c0163
FAC-PARS-0164,pointer,c0164
FAC-PARS-0165,pointer,c0165
FAC-PARS-0166,pointer,c0166
FAC-PARS-0167,pointer,c0167
FAC-PARS-0168,pointer,c0168
FAC-PARS-0169,pointer,c0169
FAC-PARS-0170,pointer,c0170
FAC-PARS-0171,pointer,c0171
FAC-PARS-0172,pointer,c0172
FAC-PARS-0173,pointer,c0173
FAC-PARS-0174,pointer,c0174
FAC-PARS-0175,pointer,c0175
FAC-PARS-0176,pointer,c0176
FAC-PARS-0177,pointer,c0177
FAC-PARS-0178,pointer,c0178
FAC-PARS-0179,pointer,c0179
FAC-PARS-0180,pointer,c0180
FAC-PARS-0181,pointer,c0181
FAC-PARS-0182,pointer,c0182
FAC-PARS-0183,pointer,c0183
FAC-PARS-0184,pointer,c0184
FAC-PARS-0185,pointer,c0185
FAC-PARS-0186,pointer,c0186
FAC-PARS-0187,pointer,c0187
FAC-PARS-0188,pointer,c0188
FAC-PARS-0189,pointer,c0189
FAC-PARS-0190,pointer,c0190
FAC-PARS-0191,pointer,c0191
FAC-PARS-0192,pointer,c0192
FAC-PARS-0193,pointer,c0193
FAC-PARS-0194,pointer,c0194
FAC-PARS-0195,pointer,c0195
FAC-PARS-0196,pointer,c0196
FAC-PARS-0197,pointer,c0197
FAC-PARS-0198,pointer,c0198
FAC-PARS-0199,pointer,c0199
FAC-PARS-0200,pointer,c0200
FAC-PARS-0201,pointer,c0201
FAC-PARS-0202,pointer,c0202
FAC-PARS-0203,pointer,c0203
FAC-PARS-0204,pointer,c0204
FAC-PARS-0205,pointer,c0205
FAC-PARS-0206,pointer,c0206
FAC-PARS-0207,pointer,c0207
FAC-PARS-0208,pointer,c0208
FAC-PARS-0209,pointer,c0209
FAC-PARS-0210,pointer,c0210
FAC-PARS-0211,pointer,c0211
FAC-PARS-0212,pointer,c0212
FAC-PARS-0213,pointer,c0213
FAC-PARS-0214,pointer,c0214
FAC-PARS-0215,pointer,c0215
FAC-PARS-0216,pointer,c0216
FAC-PARS-0217,pointer,c0217
FAC-PARS-0218,pointer,c0218
FAC-PARS-0219,pointer,c0219
FAC-PARS-0220,pointer,c0220
FAC-PARS-0221,pointer,c0221
FAC-PARS-0222,pointer,c0222
FAC-PARS-0223,pointer,c0223
FAC-PARS-0224,pointer,c0224
FAC-PARS-0225,pointer,c0225
FAC-PARS-0226,pointer,c0226
FAC-PARS-0227,pointer,c0227
FAC-PARS-0228,pointer,c0228
FAC-PARS-0229,pointer,c0229
FAC-PARS-0230,pointer,c0230
FAC-PARS-0231,pointer,c0231
FAC-PARS-0232,pointer,c0232
FAC-PARS-0233,pointer,c0233
FAC-PARS-0234,pointer,c0234
FAC-PARS-0235,pointer,c0235
FAC-PARS-0236,pointer,c0236
FAC-PARS-0237,pointer,c0237
FAC-PARS-0238,pointer,c0238
FAC-PARS-0239,pointer,c0239
FAC-PARS-0240,pointer,c0240
FAC-PARS-0241,pointer,c0241
FAC-PARS-0242,pointer,c0242
FAC-PARS-0243,pointer,c0243
FAC-PARS-0244,pointer,c0244
FAC-PARS-0245,pointer,c0245
FAC-PARS-0246,pointer,c0246
FAC-PARS-0247,pointer,c0247
FAC-PARS-0248,pointer,c0248
FAC-PARS-0249,pointer,c0249
FAC-PARS-0250,pointer,c0250
FAC-PARS-0251,pointer,c0251
FAC-PARS-0252,pointer,c0252
FAC-PARS-0253,pointer,c0253
FAC-PARS-0254,pointer,c0254
FAC-PARS-0255,pointer,c0255
FAC-PARS-0256,pointer,c0256
FAC-PARS-0257,pointer,c0257
FAC-PARS-0258,pointer,c0258
FAC-PARS-0259,pointer,c0259
FAC-PARS-0260,pointer,c0260
FAC-PARS-0261,pointer,c0261
FAC-PARS-0262,pointer,c0262
FAC-PARS-0263,pointer,c0263
FAC-PARS-0264,pointer,c0264
FAC-PARS-0265,pointer,c0265
FAC-PARS-0266,pointer,c0266
FAC-PARS-0267,pointer,c0267
FAC-PARS-0268,pointer,c0268
FAC-PARS-0269,pointer,c0269
FAC-PARS-0270,pointer,c0270
FAC-PARS-0271,pointer,c0271
FAC-PARS-0272,pointer,c0272
FAC-PARS-0273,pointer,c0273
FAC-PARS-0274,pointer,c0274
FAC-PARS-0275,pointer,c0275
FAC-PARS-0276,pointer,c0276
FAC-PARS-0277,pointer,c0277
FAC-PARS-0278,pointer,c0278
FAC-PARS-0279,pointer,c0279
FAC-PARS-0280,pointer,c0280
FAC-PARS-0281,pointer,c0281
FAC-PARS-0282,pointer,c0282
FAC-PARS-0283,pointer,c0283
FAC-PARS-0284,pointer,c0284
FAC-PARS-0285,pointer,c0285
FAC-PARS-0286,pointer,c0286
FAC-PARS-0287,pointer,c0287
FAC-PARS-0288,pointer,c0288
FAC-PARS-0289,pointer,c0289
FAC-PARS-0290,pointer,c0290
FAC-PARS-0291,pointer,c0291
FAC-PARS-0292,pointer,c0292
FAC-PARS-0293,pointer,c0293
FAC-PARS-0294,pointer,c0294
FAC-PARS-0295,pointer,c0295
FAC-PARS-0296,pointer,c0296
FAC-PARS-0297,pointer,c0297
FAC-PARS-0298,pointer,c0298
FAC-PARS-0299,pointer,c0299
FAC-PARS-0300,pointer,c0300
FAC-PARS-0301,pointer,c0301
FAC-PARS-0302,pointer,c0302
FAC-PARS-0303,pointer,c0303
FAC-PARS-0304,pointer,c0304
FAC-PARS-0305,pointer,c0305
FAC-PARS-0306,pointer,c0306
FAC-PARS-0307,pointer,c0307
FAC-PARS-0308,pointer,c0308
FAC-PARS-0309,pointer,c0309
FAC-PARS-0310,pointer,c0310
FAC-PARS-0311,pointer,c0311
FAC-PARS-0312,pointer,c0312
FAC-PARS-0313,pointer,c0313
FAC-PARS-0314,pointer,c0314
FAC-PARS-0315,pointer,c0315
FAC-PARS-0316,pointer,c0316
FAC-PARS-0317,pointer,c0317
FAC-PARS-0318,pointer,c0318
FAC-PARS-0319,pointer,c0319
FAC-PARS-0320,pointer,c0320
FAC-PARS-0321,pointer,c0321
FAC-PARS-0322,pointer,c0322
FAC-PARS-0323,pointer,c0323
FAC-PARS-0324,pointer,c0324
FAC-PARS-0325,pointer,c0325
FAC-PARS-0326,pointer,c0326
FAC-PARS-0327,pointer,c0327
FAC-PARS-0328,pointer,c0328
FAC-PARS-0329,pointer,c0329
FAC-PARS-0330,pointer,c0330
FAC-PARS-0331,pointer,c0331
FAC-PARS-0332,pointer,c0332
FAC-PARS-0333,pointer,c0333
FAC-PARS-0334,pointer,c0334
FAC-PARS-0335,pointer,c0335
FAC-PARS-0336,pointer,c0336
FAC-PARS-0337,pointer,c0337
FAC-PARS-0338,pointer,c0338
FAC-PARS-0339,pointer,c0339
FAC-PARS-0340,pointer,c0340
FAC-PARS-0341,pointer,c0341
FAC-PARS-0342,pointer,c0342
FAC-PARS-0343,pointer,c0343
FAC-PARS-0344,pointer,c0344
FAC-PARS-0345,pointer,c0345
FAC-PARS-0346,pointer,c0346
FAC-PARS-0347,pointer,c0347
FAC-PARS-0348,pointer,c0348
FAC-PARS-0349,pointer,c0349
FAC-PARS-0350,pointer,c0350
FAC-PARS-0351,pointer,c0351
FAC-PARS-0352,pointer,c0352
FAC-PARS-0353,pointer,c0353
FAC-PARS-0354,pointer,c0354
FAC-PARS-0355,pointer,c0355
FAC-PARS-0356,pointer,c0356
FAC-PARS-0357,pointer,c0357
FAC-PARS-0358,pointer,c0358
FAC-PARS-0359,pointer,c0359
FAC-PARS-0360,pointer,c0360
FAC-PARS-0361,pointer,c0361
FAC-PARS-0362,pointer,c0362
FAC-PARS-0363,pointer,c0363
FAC-PARS-0364,pointer,c0364
FAC-PARS-0365,pointer,c0365
FAC-PARS-0366,pointer,c0366
FAC-PARS-0367,pointer,c0367
FAC-PARS-0368,pointer,c0368
FAC-PARS-0369,pointer,c0369
FAC-PARS-0370,pointer,c0370
FAC-PARS-0371,pointer,c0371
FAC-PARS-0372,pointer,c0372
FAC-PARS-0373,pointer,c0373
FAC-PARS-0374,pointer,c0374
FAC-PARS-0375,pointer,c0375
FAC-PARS-0376,pointer,c0376
FAC-PARS-0377,pointer,c0377
FAC-PARS-0378,pointer,c0378
FAC-PARS-0379,pointer,c0379
FAC-PARS-0380,pointer,c0380
FAC-PARS-0381,pointer,c0381
FAC-PARS-0382,pointer,c0382
FAC-PARS-0383,pointer,c0383
FAC-PARS-0384,pointer,c0384
FAC-PARS-0385,pointer,c0385
FAC-PARS-0386,pointer,c0386
FAC-PARS-0387,pointer,c0387
FAC-PARS-0388,pointer,c0388
FAC-PARS-0389,pointer,c0389
FAC-PARS-0390,pointer,c0390
FAC-PARS-0391,pointer,c0391
FAC-PARS-0392,pointer,c0392
FAC-PARS-0393,pointer,c0393
FAC-PARS-0394,pointer,c0394
FAC-PARS-0395,pointer,c0395
FAC-PARS-0396,pointer,c0396
FAC-PARS-0397,pointer,c0397
FAC-PARS-0398,pointer,c0398
FAC-PARS-0399,pointer,c0399
FAC-PARS-0400,pointer,c0400
FAC-PARS-0401,pointer,c0401
FAC-PARS-0402,pointer,c0402
FAC-PARS-0403,pointer,c0403
FAC-PARS-0404,pointer,c0404
FAC-PARS-0405,pointer,c0405
FAC-PARS-0406,pointer,c0406
FAC-PARS-0407,pointer,c0407
FAC-PARS-0408,pointer,c0408
FAC-PARS-0409,pointer,c0409
FAC-PARS-0410,pointer,c0410
FAC-PARS-0411,pointer,c0411
FAC-PARS-0412,pointer,c0412
FAC-PARS-0413,pointer,c0413
FAC-PARS-0414,pointer,c0414
FAC-PARS-0415,pointer,c0415
FAC-PARS-0416,pointer,c0416
FAC-PARS-0417,pointer,c0417
FAC-PARS-0418,pointer,c0418
FAC-PARS-0419,pointer,c0419
FAC-PARS-0420,pointer,c0420
FAC-PARS-0421,pointer,c0421
FAC-PARS-0422,pointer,c0422
FAC-PARS-0423,pointer,c0423
FAC-PARS-0424,pointer,c0424
FAC-PARS-0425,pointer,c0425
FAC-PARS-0426,pointer,c0426
FAC-PARS-0427,pointer,c0427
FAC-PARS-0428,pointer,c0428
FAC-PARS-0429,pointer,c0429
FAC-PARS-0430,pointer,c0430
FAC-PARS-0431,pointer,c0431
FAC-PARS-0432,pointer,c0432
FAC-PARS-0433,pointer,c0433
FAC-PARS-0434,pointer,c0434
FAC-PARS-0435,pointer,c0435
FAC-PARS-0436,pointer,c0436
FAC-PARS-0437,pointer,c0437
FAC-PARS-0438,pointer,c0438
FAC-PARS-0439,pointer,c0439
FAC-PARS-0440,pointer,c0440
FAC-PARS-0441,pointer,c0441
FAC-PARS-0442,pointer,c0442
FAC-PARS-0443,pointer,c0443
FAC-PARS-0444,pointer,c0444
FAC-PARS-0445,pointer,c0445
FAC-PARS-0446,pointer,c0446
FAC-PARS-0447,pointer,c0447
FAC-PARS-0448,pointer,c0448
FAC-PARS-0449,pointer,c0449
FAC-PARS-0450,pointer,c0450
FAC-PARS-0451,pointer,c0451
FAC-PARS-0452,pointer,c0452
FAC-PARS-0453,pointer,c0453
FAC-PARS-0454,pointer,c0454
FAC-PARS-0455,pointer,c0455
FAC-PARS-0456,pointer,c0456
FAC-PARS-0457,pointer,c0457
FAC-PARS-0458,pointer,c0458
FAC-PARS-0459,pointer,c0459
FAC-PARS-0460,pointer,c0460
FAC-PARS-0461,pointer,c0461
FAC-PARS-0462,pointer,c0462
FAC-PARS-0463,pointer,c0463
FAC-PARS-0464,pointer,c0464
FAC-PARS-0465,pointer,c0465
FAC-PARS-0466,pointer,c0466
FAC-PARS-0467,pointer,c0467
FAC-PARS-0468,pointer,c0468
FAC-PARS-0469,pointer,c0469
FAC-PARS-0470,pointer,c0470
FAC-PARS-0471,pointer,c0471
FAC-PARS-0472,pointer,c0472
FAC-PARS-0473,pointer,c0473
FAC-PARS-0474,pointer,c0474
FAC-PARS-0475,pointer,c0475
FAC-PARS-0476,pointer,c0476
FAC-PARS-0477,pointer,c0477
FAC-PARS-0478,pointer,c0478
FAC-PARS-0479,pointer,c0479
FAC-PARS-0480,pointer,c0480
FAC-PARS-0481,pointer,c0481
FAC-PARS-0482,pointer,c0482
FAC-PARS-0483,pointer,c0483
FAC-PARS-0484,pointer,c0484
FAC-PARS-0485,pointer,c0485
FAC-PARS-0486,pointer,c0486
FAC-PARS-0487,pointer,c0487
FAC-PARS-0488,pointer,c0488
FAC-PARS-0489,pointer,c0489
FAC-PARS-0490,pointer,c0490
FAC-PARS-0491,pointer,c0491
FAC-PARS-0492,pointer,c0492
FAC-PARS-0493,pointer,c0493
FAC-PARS-0494,pointer,c0494
FAC-PARS-0495,pointer,c0495
FAC-PARS-0496,pointer,c0496
FAC-PARS-0497,pointer,c0497
FAC-PARS-0498,pointer,c0498
FAC-PARS-0499,pointer,c0499
FAC-PARS-0500,pointer,c0500
FAC-PARS-0501,pointer,c0501
FAC-PARS-0502,pointer,c0502
FAC-PARS-0503,pointer,c0503
FAC-PARS-0504,pointer,c0504
FAC-PARS-0505,pointer,c0505
FAC-PARS-0506,pointer,c0506
FAC-PARS-0507,pointer,c0507
FAC-PARS-0508,pointer,c0508
FAC-PARS-0509,pointer,c0509
FAC-PARS-0510,pointer,c0510
FAC-PARS-0511,pointer,c0511
FAC-PARS-0512,pointer,c0512
FAC-PARS-0513,pointer,c0513
FAC-PARS-0514,pointer,c0514
FAC-PARS-0515,pointer,c0515
FAC-PARS-0516,pointer,c0516
FAC-PARS-0517,pointer,c0517
FAC-PARS-0518,pointer,c0518
FAC-PARS-0519,pointer,c0519
FAC-PARS-0520,pointer,c0520
FAC-PARS-0521,pointer,c0521
FAC-PARS-0522,pointer,c0522
FAC-PARS-0523,pointer,c0523
FAC-PARS-0524,pointer,c0524
FAC-PARS-0525,pointer,c0525
FAC-PARS-0526,pointer,c0526
FAC-PARS-0527,pointer,c0527
FAC-PARS-0528,pointer,c0528
FAC-PARS-0529,pointer,c0529
FAC-PARS-0530,pointer,c0530
FAC-PARS-0531,pointer,c0531
FAC-PARS-0532,pointer,c0532
FAC-PARS-0533,pointer,c0533
FAC-PARS-0534,pointer,c0534
FAC-PARS-0535,pointer,c0535
FAC-PARS-0536,pointer,c0536
FAC-PARS-0537,pointer,c0537
FAC-PARS-0538,pointer,c0538
FAC-PARS-0539,pointer,c0539
FAC-PARS-0540,pointer,c0540
FAC-PARS-0541,pointer,c0541
FAC-PARS-0542,pointer,c0542
FAC-PARS-0543,pointer,c0543
FAC-PARS-0544,pointer,c0544
FAC-PARS-0545,pointer,c0545
FAC-PARS-0546,pointer,c0546
FAC-PARS-0547,pointer,c0547
FAC-PARS-0548,pointer,c0548
FAC-PARS-0549,pointer,c0549
FAC-PARS-0550,pointer,c0550
FAC-PARS-0551,pointer,c0551
FAC-PARS-0552,pointer,c0552
FAC-PARS-0553,pointer,c0553
FAC-PARS-0554,pointer,c0554
FAC-PARS-0555,pointer,c0555
FAC-PARS-0556,pointer,c0556
FAC-PARS-0557,pointer,c0557
FAC-PARS-0558,pointer,c0558
FAC-PARS-0559,pointer,c0559
FAC-PARS-0560,pointer,c0560
FAC-PARS-0561,pointer,c0561
FAC-PARS-0562,pointer,c0562
FAC-PARS-0563,pointer,c0563
FAC-PARS-0564,pointer,c0564
FAC-PARS-0565,pointer,c0565
FAC-PARS-0566,pointer,c0566
FAC-PARS-0567,pointer,c0567
FAC-PARS-0568,pointer,c0568
FAC-PARS-0569,pointer,c0569
FAC-PARS-0570,pointer,c0570
FAC-PARS-0571,pointer,c0571
FAC-PARS-0572,pointer,c0572
FAC-PARS-0573,pointer,c0573
FAC-PARS-0574,pointer,c0574
FAC-PARS-0575,pointer,c0575
FAC-PARS-0576,pointer,c0576
FAC-PARS-0577,pointer,c0577
FAC-PARS-0578,pointer,c0578
FAC-PARS-0579,pointer,c0579
FAC-PARS-0580,pointer,c0580
FAC-PARS-0581,pointer,c0581
FAC-PARS-0582,pointer,c0582
FAC-PARS-0583,pointer,c0583
FAC-PARS-0584,pointer,c0584
FAC-PARS-0585,pointer,c0585
FAC-PARS-0586,pointer,c0586
FAC-PARS-0587,pointer,c0587
FAC-PARS-0588,pointer,c0588
FAC-PARS-0589,pointer,c0589
FAC-PARS-0590,pointer,c0590
FAC-PARS-0591,pointer,c0591
FAC-PARS-0592,pointer,c0592
FAC-PARS-0593,pointer,c0593
FAC-PARS-0594,pointer,c0594
FAC-PARS-0595,pointer,c0595
FAC-PARS-0596,pointer,c0596
FAC-PARS-0597,pointer,c0597
FAC-PARS-0598,pointer,c0598
FAC-PARS-0599,pointer,c0599
FAC-PARS-0600,pointer,c0600
FAC-PARS-0601,pointer,c0601
FAC-PARS-0602,pointer,c0602
FAC-PARS-0603,pointer,c0603
FAC-PARS-0604,pointer,c0604
FAC-PARS-0605,pointer,c0605
FAC-PARS-0606,pointer,c0606
FAC-PARS-0607,pointer,c0607
FAC-PARS-0608,pointer,c0608
FAC-PARS-0609,pointer,c0609
FAC-PARS-0610,pointer,c0610
FAC-PARS-0611,pointer,c0611
FAC-PARS-0612,pointer,c0612
FAC-PARS-0613,pointer,c0613
FAC-PARS-0614,pointer,c0614
FAC-PARS-0615,pointer,c0615
FAC-PARS-0616,pointer,c0616
FAC-PARS-0617,pointer,c0617
FAC-PARS-0618,pointer,c0618
FAC-PARS-0619,pointer,c0619
FAC-PARS-0620,pointer,c0620
FAC-PARS-0621,pointer,c0621
FAC-PARS-0622,pointer,c0622
FAC-PARS-0623,pointer,c0623
FAC-PARS-0624,pointer,c0624
FAC-PARS-0625,pointer,c0625
FAC-PARS-0626,pointer,c0626
FAC-PARS-0627,pointer,c0627
FAC-PARS-0628,pointer,c0628
FAC-PARS-0629,pointer,c0629
FAC-PARS-0630,pointer,c0630
FAC-PARS-0631,pointer,c0631
FAC-PARS-0632,pointer,c0632
FAC-PARS-0633,pointer,c0633
FAC-PARS-0634,pointer,c0634
FAC-PARS-0635,pointer,c0635
FAC-PARS-0636,pointer,c0636
FAC-PARS-0637,pointer,c0637
FAC-PARS-0638,pointer,c0638
FAC-PARS-0639,pointer,c0639
FAC-PARS-0640,pointer,c0640
